STATION_NUMBER,Month,area_km2,runoff,Q
08BB005,1,16700,10.21641193,63.69999968
08BB005,2,16700,7.961801629,54.39565227
08BB005,3,16700,10.58041218,65.96956518
08BB005,4,16700,18.78980683,121.0608696
08BB005,5,16700,93.53829107,583.2173913
08BB005,6,16700,154.575246,995.9130435
08BB005,7,16700,144.8818454,903.3478261
08BB005,8,16700,119.220528,743.3478261
08BB005,9,16700,83.38803437,537.2608696
08BB005,10,16700,51.79649428,322.9545455
08BB005,11,16700,22.57664457,145.4590912
08BB005,12,16700,15.41137069,96.09090892
08CA001,1,3400,6.199183007,7.869333267
08CA001,2,3400,4.595361896,6.413333352
08CA001,3,3400,4.766501634,6.05066665
08CA001,4,3400,6.497425155,8.52285707
08CA001,5,3400,78.88900851,100.1428573
08CA001,6,3400,175.0144538,229.5714286
08CA001,7,3400,124.9169748,158.5714286
08CA001,8,3400,55.27294786,70.16428566
08CA001,9,3400,42.93136143,56.31428582
08CA001,10,3400,37.56512271,47.68571431
08CA001,11,3400,13.58621854,17.82142864
08CA001,12,3400,8.765007811,11.12642867
08CA002,1,7690,6.782493593,19.47333323
08CA002,2,7690,5.230499377,16.50066643
08CA002,3,7690,5.40672255,15.52333349
08CA002,4,7690,7.090321359,21.03571422
08CA002,5,7690,78.67768902,225.8928571
08CA002,6,7690,166.3155861,493.4285714
08CA002,7,7690,113.1714806,324.9285714
08CA002,8,7690,52.3215961,150.2214285
08CA002,9,7690,44.47521464,131.9500002
08CA002,10,7690,38.49422551,110.5214285
08CA002,11,7690,13.47281442,39.9714286
08CA002,12,7690,8.966146701,25.74285698
08CA003,1,2730,7.530915125,7.675999959
08CA003,2,2730,5.661046187,6.344666704
08CA003,3,2730,5.630853574,5.73933328
08CA003,4,2730,7.254480395,7.640714305
08CA003,5,2730,73.98186505,75.40714291
08CA003,6,2730,157.2697017,165.6428571
08CA003,7,2730,102.1744427,104.1428571
08CA003,8,2730,49.3142358,50.26428604
08CA003,9,2730,48.33381494,50.90714305
08CA003,10,2730,43.23142267,44.0642861
08CA003,11,2730,18.81946612,19.82142844
08CA003,12,2730,11.33239306,11.55071425
08CB001,1,18800,7.654335334,53.72666677
08CB001,2,18800,5.749092796,44.36000023
08CB001,3,18800,5.800350646,40.71333338
08CB001,4,18800,7.831148944,56.80000005
08CB001,5,18800,72.38396353,508.0714286
08CB001,6,18800,151.8368389,1101.285714
08CB001,7,18800,109.1916109,766.4285714
08CB001,8,18800,54.4329848,382.0714286
08CB001,9,18800,45.16303951,327.5714286
08CB001,10,18800,39.22960486,275.3571429
08CB001,11,18800,15.4318541,111.9285714
08CB001,12,18800,10.19155619,71.53571401
08CC001,1,3550,9.696468174,12.85187501
08CC001,2,3550,7.594118891,11.04937503
08CC001,3,3550,8.054061981,10.67500001
08CC001,4,3550,11.51675492,15.77333333
08CC001,5,3550,71.49944818,94.76666705
08CC001,6,3550,167.2509296,229.0666667
08CC001,7,3550,154.8693634,205.2666667
08CC001,8,3550,87.13225029,115.4866669
08CC001,9,3550,58.7471321,80.45999959
08CC001,10,3550,44.4538946,58.91999919
08CC001,11,3550,19.35846769,26.51333345
08CC001,12,3550,12.98709638,17.21333338
08CD001,1,3550,5.842432906,7.743666673
08CD001,2,3550,4.739920238,6.898000018
08CD001,3,3550,4.983081467,6.60466667
08CD001,4,3550,8.102372908,11.09699993
08CD001,5,3550,90.89961488,120.4800003
08CD001,6,3550,90.59537278,124.0793107
08CD001,7,3550,32.66893536,43.30000019
08CD001,8,3550,18.92258163,25.08033333
08CD001,9,3550,24.9781185,34.21000026
08CD001,10,3550,24.09805513,31.9399999
08CD001,11,3550,10.46462196,14.33233331
08CD001,12,3550,7.703480739,10.21033327
08CE001,1,29000,7.275704274,78.77666664
08CE001,2,29000,5.728657631,68.12666639
08CE001,3,29000,5.822287486,63.04000041
08CE001,4,29000,8.338791706,93.29666646
08CE001,5,29000,67.55417379,731.4333333
08CE001,6,29000,128.2116414,1434.466667
08CE001,7,29000,88.93519448,962.9333333
08CE001,8,29000,46.07155862,498.8333333
08CE001,9,29000,39.27326897,439.4
08CE001,10,29000,32.10077793,347.5666667
08CE001,11,29000,13.67443863,152.9933334
08CE001,12,29000,9.742603077,105.4866671
08CF001,1,36000,9.045551985,121.5799998
08CF001,2,36000,6.999983993,103.4066666
08CF001,3,36000,7.402800019,99.50000025
08CF001,4,36000,12.01782859,166.9142859
08CF001,5,36000,79.5708,1069.5
08CF001,6,36000,148.32,2060
08CF001,7,36000,117.3394286,1577.142857
08CF001,8,36000,74.78794286,1005.214286
08CF001,9,36000,54.42685714,755.9285714
08CF001,10,36000,43.64622857,586.6428571
08CF001,11,36000,18.936,263
08CF001,12,36000,12.40248002,166.7000002
08CF003,1,50900,16.02011788,304.4444444
08CF003,2,50900,11.91757957,248.3703704
08CF003,3,50900,15.54653045,295.4444444
08CF003,4,50900,24.94491159,489.8518519
08CF003,5,50900,104.5731709,1987.296296
08CF003,6,50900,197.1489194,3871.481481
08CF003,7,50900,199.199057,3785.555556
08CF003,8,50900,154.0815717,2928.148148
08CF003,9,50900,116.0675835,2279.259259
08CF003,10,50900,79.99579749,1520.230769
08CF003,11,50900,32.70456098,642.2307692
08CF003,12,50900,22.84958138,434.2307692
08CG001,1,9500,24.67323278,87.51333313
08CG001,2,9500,19.22290867,74.87333349
08CG001,3,9500,20.52124304,72.786667
08CG001,4,9500,41.09365886,150.613333
08CG001,5,9500,154.81152,549.1
08CG001,6,9500,290.4131368,1064.4
08CG001,7,9500,328.8699284,1166.466667
08CG001,8,9500,263.2162358,933.6
08CG001,9,9500,191.5169684,701.9333333
08CG001,10,9500,123.6387032,438.5333333
08CG001,11,9500,55.61158734,203.8233332
08CG001,12,9500,31.96787872,113.3866666
08CG003,1,1250,10.88635672,5.08062496
08CG003,2,1250,8.195904044,4.203125022
08CG003,3,1250,8.107516827,3.783750013
08CG003,4,1250,8.77824,4.233333333
08CG003,5,1250,31.99080978,14.93000008
08CG003,6,1250,98.78630379,47.6399999
08CG003,7,1250,104.5361663,48.78666662
08CG003,8,1250,64.16732225,29.94666697
08CG003,9,1250,44.20915242,21.3200002
08CG003,10,1250,37.78329573,17.63333321
08CG003,11,1250,21.71750366,10.47333317
08CG003,12,1250,14.35908103,6.701333364
08CG004,1,7230,15.88270204,42.87333323
08CG004,2,7230,13.5440464,40.1799998
08CG004,3,7230,15.37394186,41.49999987
08CG004,4,7230,31.85839978,88.86428642
08CG004,5,7230,138.3125548,373.3571429
08CG004,6,7230,270.4417309,754.3571429
08CG004,7,7230,304.250575,821.2857143
08CG004,8,7230,213.6475163,576.7142857
08CG004,9,7230,148.037463,412.9285714
08CG004,10,7230,94.83684647,256
08CG004,11,7230,37.43573201,104.4214284
08CG004,12,7230,19.05204505,51.42857143
08CG005,1,844,22.10843622,6.96666673
08CG005,2,844,17.18738971,5.949333382
08CG005,3,844,19.6289061,6.185333316
08CG005,4,844,36.83333834,11.99357159
08CG005,5,844,170.2107781,53.63571412
08CG005,6,844,363.2441439,118.2785715
08CG005,7,844,454.9381178,143.3571429
08CG005,8,844,351.8913459,110.8857138
08CG005,9,844,221.2720356,72.04999924
08CG005,10,844,134.4186861,42.35714272
08CG005,11,844,53.581746,17.4471426
08CG005,12,844,28.01031533,8.826428516
08CG006,1,311,16.28939628,1.891428556
08CG006,2,311,11.50544791,1.467142863
08CG006,3,311,12.29394206,1.427499993
08CG006,4,311,22.69934758,2.723571411
08CG006,5,311,156.9761387,18.22714274
08CG006,6,311,453.8678902,54.45714269
08CG006,7,311,819.8832126,95.19999967
08CG006,8,311,767.21619,89.08461585
08CG006,9,311,483.0108308,57.95384583
08CG006,10,311,218.081249,25.32230751
08CG006,11,311,60.44367068,7.252307708
08CG006,12,311,23.28611418,2.703846143
08DA005,1,218,17.71061285,1.4415
08DA005,2,218,13.51048933,1.210033314
08DA005,3,218,15.88979238,1.293300007
08DA005,4,218,61.12205506,5.140666668
08DA005,5,218,312.0704587,25.4
08DA005,6,218,555.4172453,46.71333313
08DA005,7,218,520.0355234,42.3266667
08DA005,8,218,358.7581663,29.2000001
08DA005,9,218,233.9735778,19.67833331
08DA005,10,218,149.4375204,12.16300009
08DA005,11,218,52.41864248,4.40866669
08DA005,12,218,24.55609523,1.998666652
08DB001,1,18400,22.02304693,151.2933332
08DB001,2,18400,18.98658787,143.3133336
08DB001,3,18400,22.78338265,156.5166669
08DB001,4,18400,55.2866087,392.4666667
08DB001,5,18400,201.1468696,1381.833333
08DB001,6,18400,295.0747826,2094.666667
08DB001,7,18400,234.4085217,1610.333333
08DB001,8,18400,158.8844348,1091.5
08DB001,9,18400,125.5805217,891.4666667
08DB001,10,18400,108.9992348,748.8
08DB001,11,18400,53.136,377.2
08DB001,12,18400,28.13484519,193.2799998
08DB010,1,39.40000153,42.55103919,0.625937503
08DB010,2,39.40000153,40.77863278,0.657312497
08DB010,3,39.40000153,47.14816583,0.693562502
08DB010,4,39.40000153,121.7625946,1.850866671
08DB010,5,39.40000153,308.9450453,4.544666688
08DB010,6,39.40000153,268.786065,4.085714264
08DB010,7,39.40000153,124.8107157,1.835999995
08DB010,8,39.40000153,58.9791816,0.867600002
08DB010,9,39.40000153,123.7402705,1.880928567
08DB010,10,39.40000153,179.1264902,2.634999995
08DB010,11,39.40000153,96.00486814,1.459333314
08DB010,12,39.40000153,47.06007481,0.692266659
08DB011,1,242,58.62965971,5.297333352
08DB011,2,242,60.50213466,5.989999914
08DB011,3,242,63.03463154,5.695333346
08DB011,4,242,139.2702712,13.00285711
08DB011,5,242,414.8041549,37.47857135
08DB011,6,242,565.1702479,52.76666667
08DB011,7,242,489.7118711,44.24666697
08DB011,8,242,357.3413534,32.28666649
08DB011,9,242,339.3163601,31.67999967
08DB011,10,242,263.7818203,23.83333352
08DB011,11,242,134.2556031,12.53466665
08DB011,12,242,85.19968196,7.697999938
08DB013,1,26,40.18335843,0.39007143
08DB013,2,26,22.81909427,0.243499997
08DB013,3,26,30.91197388,0.300071431
08DB013,4,26,68.11832956,0.683285713
08DB013,5,26,175.6633048,1.705214279
08DB013,6,26,243.2492305,2.439999998
08DB013,7,26,171.6898559,1.666642866
08DB013,8,26,91.74255908,0.890571437
08DB013,9,26,117.5087471,1.178714284
08DB013,10,26,141.9478405,1.377928559
08DB013,11,26,76.05098885,0.762857141
08DB013,12,26,48.75571045,0.47328572
08DB014,1,18,29.65371443,0.199285715
08DB014,2,18,16.75851435,0.124071429
08DB014,3,18,19.21645697,0.129142856
08DB014,4,18,47.98285698,0.333214285
08DB014,5,18,185.9893735,1.249928585
08DB014,6,18,234.9154297,1.63135715
08DB014,7,18,119.8583995,0.805499996
08DB014,8,18,60.05142768,0.403571423
08DB014,9,18,79.3645721,0.551142862
08DB014,10,18,119.7627432,0.804857145
08DB014,11,18,67.04228548,0.465571427
08DB014,12,18,41.92971397,0.281785712
08DC006,1,350,30.7512541,4.018421048
08DC006,2,350,27.95267375,4.015789484
08DC006,3,350,32.1126068,4.196315853
08DC006,4,350,68.51931505,9.252222326
08DC006,5,350,200.157258,26.15555567
08DC006,6,350,356.3794305,48.12222248
08DC006,7,350,494.3561107,64.59999953
08DC006,8,350,482.4521123,63.04444419
08DC006,9,350,333.8742841,45.08333312
08DC006,10,350,197.9039992,25.86111101
08DC006,11,350,72.80228583,9.830555571
08DC006,12,350,38.92608008,5.086666677
08DD001,1,1480,47.1321482,26.04374975
08DD001,2,1480,38.34401344,23.29999995
08DD001,3,1480,35.35646342,19.53687495
08DD001,4,1480,70.38097322,40.18666681
08DD001,5,1480,227.9535569,125.9600001
08DD001,6,1480,374.6724324,213.9333333
08DD001,7,1480,455.6899459,251.8
08DD001,8,1480,391.9874595,216.6
08DD001,9,1480,290.8644321,166.0799998
08DD001,10,1480,206.1402814,113.9066668
08DD001,11,1480,87.90616123,50.1933328
08DD001,12,1480,53.90581635,29.78666674
08EB004,1,1880,13.1493294,9.229666694
08EB004,2,1880,10.67870293,8.228666631
08EB004,3,1880,16.95465212,11.90066681
08EB004,4,1880,62.21719202,45.12666705
08EB004,5,1880,150.0901278,105.3500001
08EB004,6,1880,166.1453616,120.5066666
08EB004,7,1880,95.43936934,66.98999939
08EB004,8,1880,48.67184661,34.16333319
08EB004,9,1880,54.35846801,39.42666661
08EB004,10,1880,68.30869776,47.94666659
08EB004,11,1880,39.37680006,28.56033338
08EB004,12,1880,19.1700306,13.45566664
08EB005,1,12400,11.26319998,52.14444436
08EB005,2,12400,9.244838618,47.0166662
08EB005,3,12400,11.01600011,51.00000053
08EB005,4,12400,29.29279695,140.1352941
08EB005,5,12400,177.5647059,822.0588235
08EB005,6,12400,265.3357116,1269.352941
08EB005,7,12400,154.4018824,714.8235294
08EB005,8,12400,70.00941176,324.1176471
08EB005,9,12400,65.99271347,315.7058824
08EB005,10,12400,69.61552941,322.2941176
08EB005,11,12400,30.22237568,144.5823528
08EB005,12,12400,14.12512923,65.39411679
08EC013,1,6760,9.221197643,23.27333336
08EC013,2,6760,7.985140787,22.11999989
08EC013,3,6760,8.430092323,21.2766667
08EC013,4,6760,11.05689944,28.83666674
08EC013,5,6760,34.29884044,86.56666718
08EC013,6,6760,47.41902966,123.6700002
08EC013,7,6760,37.06704865,93.55333366
08EC013,8,6760,23.58127806,59.51666654
08EC013,9,6760,15.70409464,40.95666656
08EC013,10,6760,13.08955733,33.03666649
08EC013,11,6760,11.40198817,29.73666668
08EC013,12,6760,10.07701773,25.43333327
08ED001,1,732,32.58963944,8.906666692
08ED001,2,732,23.58322638,7.079000044
08ED001,3,732,21.75222158,5.944827581
08ED001,4,732,31.83588451,8.990689607
08ED001,5,732,180.7680282,49.40344857
08ED001,6,732,309.0546097,87.27931108
08ED001,7,732,217.9432138,59.56333351
08ED001,8,732,118.9668196,32.51333332
08ED001,9,732,83.64983571,23.62333323
08ED001,10,732,97.04321225,26.52166643
08ED001,11,732,78.46465506,22.15899981
08ED001,12,732,44.79489836,12.24233333
08ED002,1,1900,38.5313682,27.33333317
08ED002,2,1900,28.00663587,21.81666673
08ED002,3,1900,24.54260225,17.4100001
08ED002,4,1900,26.38837891,19.34333331
08ED002,5,1900,120.8804203,85.74999949
08ED002,6,1900,269.2042105,197.3333333
08ED002,7,1900,226.1603368,160.4333333
08ED002,8,1900,150.0890771,106.4699994
08ED002,9,1900,103.629979,75.96333338
08ED002,10,1900,104.3542229,74.02666651
08ED002,11,1900,82.76210518,60.6666666
08ED002,12,1900,53.43173077,37.9033335
08EE004,1,7340,13.73257773,37.63333352
08EE004,2,7340,10.30635859,31.00666669
08EE004,3,7340,11.4105679,31.27000014
08EE004,4,7340,32.98031609,93.39333337
08EE004,5,7340,112.6582234,308.7333333
08EE004,6,7340,129.7294823,367.3666667
08EE004,7,7340,82.27383106,225.4666667
08EE004,8,7340,47.77817984,130.9333333
08EE004,9,7340,33.52767306,94.94333344
08EE004,10,7340,37.16432041,101.8466666
08EE004,11,7340,31.25467029,88.50666663
08EE004,12,7340,18.53593901,50.79666678
08EE008,1,125,4.995394589,0.233133335
08EE008,2,125,3.563873291,0.182400001
08EE008,3,125,4.583278088,0.2139
08EE008,4,125,29.39189749,1.417433328
08EE008,5,125,106.4789,4.969333371
08EE008,6,125,109.4929927,5.280333368
08EE008,7,125,67.72423658,3.160666656
08EE008,8,125,35.87413265,1.674233341
08EE008,9,125,25.50320633,1.229899997
08EE008,10,125,28.05106182,1.309133336
08EE008,11,125,15.60176638,0.752399999
08EE008,12,125,7.153827831,0.333866666
08EE012,1,13.19999981,4.274618245,0.021066667
08EE012,2,13.19999981,3.227345516,0.017433333
08EE012,3,13.19999981,7.521163743,0.037066667
08EE012,4,13.19999981,25.29028283,0.128793105
08EE012,5,13.19999981,121.1434927,0.597033334
08EE012,6,13.19999981,193.765094,0.986766668
08EE012,7,13.19999981,119.3376016,0.588133333
08EE012,8,13.19999981,53.84787525,0.26537931
08EE012,9,13.19999981,42.01504782,0.213965518
08EE012,10,13.19999981,36.12481561,0.178034483
08EE012,11,13.19999981,19.05381867,0.097033334
08EE012,12,13.19999981,7.690254651,0.0379
08EE013,1,565,2.622777751,0.553266663
08EE013,2,565,1.99824084,0.462066665
08EE013,3,565,3.489504817,0.736099993
08EE013,4,565,32.22781156,7.024966639
08EE013,5,565,103.2171612,21.77333336
08EE013,6,565,48.00169924,10.46333336
08EE013,7,565,14.55611641,3.07056667
08EE013,8,565,4.49353293,0.947896545
08EE013,9,565,4.244172639,0.92513794
08EE013,10,565,8.228090548,1.73568965
08EE013,11,565,8.788026852,1.915599989
08EE013,12,565,4.279277293,0.902699997
08EE020,1,367,19.78756177,2.711333323
08EE020,2,367,14.42919237,2.170666667
08EE020,3,367,15.77604354,2.16166666
08EE020,4,367,36.73059425,5.200666702
08EE020,5,367,192.1101246,26.32333323
08EE020,6,367,296.1848493,41.93666655
08EE020,7,367,226.8733734,31.08666668
08EE020,8,367,151.216479,20.71999992
08EE020,9,367,108.0117705,15.29333324
08EE020,10,367,90.65447437,12.4216667
08EE020,11,367,47.03032147,6.658999991
08EE020,12,367,24.91568848,3.414000026
08EE028,1,10.80000019,11.22763616,0.045272727
08EE028,2,10.80000019,7.980363613,0.035181819
08EE028,3,10.80000019,9.17599983,0.037
08EE028,4,10.80000019,18.04800005,0.075200002
08EE028,5,10.80000019,112.071199,0.451900004
08EE028,6,10.80000019,199.6363596,0.83181818
08EE028,7,10.80000019,175.1330866,0.706181813
08EE028,8,10.80000019,103.3483616,0.416727272
08EE028,9,10.80000019,76.90908806,0.320454539
08EE028,10,10.80000019,61.86472641,0.249454546
08EE028,11,10.80000019,26.81454535,0.111727274
08EE028,12,10.80000019,15.64654514,0.063090909
08EF001,1,42300,12.37889362,195.5
08EF001,2,42300,9.856830641,170.9633334
08EF001,3,42300,12.14461277,191.8
08EF001,4,42300,32.05991489,523.2
08EF001,5,42300,128.0524255,2022.333333
08EF001,6,42300,175.1080851,2857.666667
08EF001,7,42300,106.2453106,1677.933333
08EF001,8,42300,55.33882553,873.9666667
08EF001,9,42300,47.35659574,772.8333333
08EF001,10,42300,50.38515745,795.7333333
08EF001,11,42300,29.59659574,483
08EF001,12,42300,15.82978723,250
08EF005,1,2850,27.51077043,29.27333323
08EF005,2,2850,20.42495987,23.86999985
08EF005,3,2850,23.2096676,24.69666691
08EF005,4,2850,55.88715813,61.45000025
08EF005,5,2850,199.7365895,212.5333333
08EF005,6,2850,253.9553684,279.2333333
08EF005,7,2850,172.9839158,184.0666667
08EF005,8,2850,107.502518,114.3900002
08EF005,9,2850,92.07814723,101.2433332
08EF005,10,2850,102.0110145,108.5466665
08EF005,11,2850,64.64842094,71.08333321
08EF005,12,2850,34.77847584,37.00666672
08EG011,1,376,56.86376159,7.982666651
08EG011,2,376,49.48866399,7.625333357
08EG011,3,376,58.67310636,8.236666663
08EG011,4,376,126.3691912,18.33133329
08EG011,5,376,300.8620694,42.23571464
08EG011,6,376,375.0620008,54.40714209
08EG011,7,376,295.417751,41.4714286
08EG011,8,376,182.3082651,25.59285682
08EG011,9,376,170.8139825,24.77857154
08EG011,10,376,191.1616412,26.83571427
08EG011,11,376,117.3835255,17.0278571
08EG011,12,376,64.47698554,9.051428676
08EG012,1,370,116.7878924,16.1333334
08EG012,2,370,82.40606273,12.51066667
08EG012,3,370,103.2631776,14.2649999
08EG012,4,370,212.9876751,30.40333325
08EG012,5,370,446.7378166,61.71333338
08EG012,6,370,549.1770836,78.39333369
08EG012,7,370,527.5482818,72.87666677
08EG012,8,370,436.2655163,60.26666705
08EG012,9,370,449.4434605,64.15666682
08EG012,10,370,429.2437588,59.29666621
08EG012,11,370,220.5651888,31.48499994
08EG012,12,370,121.4569939,16.77833323
08EG017,1,12.5,116.0878086,0.54177778
08EG017,2,12.5,76.29503975,0.390722221
08EG017,3,12.5,84.78028793,0.395666666
08EG017,4,12.5,140.7859192,0.67894444
08EG017,5,12.5,194.582786,0.90811112
08EG017,6,12.5,159.8976003,0.771111113
08EG017,7,12.5,81.34003179,0.37961111
08EG017,8,12.5,51.07236199,0.238352944
08EG017,9,12.5,91.21400489,0.439882354
08EG017,10,12.5,175.211477,0.817705892
08EG017,11,12.5,161.9237639,0.780882349
08EG017,12,12.5,110.2492467,0.514529414
08FA002,1,3900,118.1540678,172.0433334
08FA002,2,3900,86.00861542,137.5133334
08FA002,3,3900,83.21582774,121.1700001
08FA002,4,3900,111.9478153,168.4399999
08FA002,5,3900,235.6534154,343.1333333
08FA002,6,3900,359.6012308,541.0666667
08FA002,7,3900,386.3763692,562.6
08FA002,8,3900,321.4537846,468.0666667
08FA002,9,3900,248.1895385,373.4333333
08FA002,10,3900,250.9225846,365.3666667
08FA002,11,3900,209.5753846,315.3333333
08FA002,12,3900,117.1101786,170.5233335
08FB004,1,159,86.24784824,5.119999951
08FB004,2,159,63.83687669,4.161724115
08FB004,3,159,66.19034451,3.929310326
08FB004,4,159,101.8976606,6.250666682
08FB004,5,159,222.2398191,13.19300001
08FB004,6,159,268.2503567,16.45517234
08FB004,7,159,206.7497092,12.27344824
08FB004,8,159,130.2488912,7.732069032
08FB004,9,159,119.3822109,7.323214327
08FB004,10,159,169.866631,10.08392859
08FB004,11,159,157.4995151,9.661428588
08FB004,12,159,93.29963298,5.538620686
08FB005,1,269,72.62919616,7.294374913
08FB005,2,269,52.37156867,5.76062499
08FB005,3,269,53.26929451,5.350000083
08FB005,4,269,75.73650625,7.86000007
08FB005,5,269,206.6383948,20.75333341
08FB005,6,269,302.817545,31.42666651
08FB005,7,269,311.2235331,31.25714248
08FB005,8,269,239.1072961,24.01428563
08FB005,9,269,184.8675501,19.18571411
08FB005,10,269,153.9048736,15.45714269
08FB005,11,269,122.5659465,12.71999985
08FB005,12,269,73.14322022,7.34599994
08FB006,1,2550,11.4726551,10.92266671
08FB006,2,2550,9.586661688,10.02200004
08FB006,3,2550,10.08723955,9.603666687
08FB006,4,2550,17.45686599,17.1740001
08FB006,5,2550,67.95433424,64.69666678
08FB006,6,2550,82.52724734,81.19000028
08FB006,7,2550,45.70085671,43.51000023
08FB006,8,2550,23.69946352,22.56333332
08FB006,9,2550,15.04411525,14.80034486
08FB006,10,2550,14.94941977,14.23275852
08FB006,11,2550,16.31996116,16.05551734
08FB006,12,2550,12.27753929,11.6889655
08FB007,1,3720,18.71255165,25.98965507
08FB007,2,3720,14.3608363,21.89310317
08FB007,3,3720,15.0206897,20.86206903
08FB007,4,3720,24.11559519,34.61034495
08FB007,5,3720,87.48,121.5
08FB007,6,3720,138.2632258,198.4333333
08FB007,7,3720,146.856,203.9666667
08FB007,8,3720,125.904,174.8666667
08FB007,9,3720,78.03870949,111.9999997
08FB007,10,3720,49.34482778,68.53448302
08FB007,11,3720,32.46006702,46.58620729
08FB007,12,3720,19.69572405,27.35517229
08FB009,1,92.5,124.8894482,4.313124985
08FB009,2,92.5,91.65872354,3.46874997
08FB009,3,92.5,91.42754656,3.157500021
08FB009,4,92.5,122.9962368,4.389333296
08FB009,5,92.5,245.3510931,8.473333375
08FB009,6,92.5,300.0368426,10.70733331
08FB009,7,92.5,266.6431647,9.208666643
08FB009,8,92.5,185.5286653,6.40733331
08FB009,9,92.5,174.4065746,6.224000057
08FB009,10,92.5,215.8356073,7.454000028
08FB009,11,92.5,189.500887,6.762666686
08FB009,12,92.5,119.2587757,4.118666649
08FC003,1,3720,3.21887998,4.470666639
08FC003,2,3720,2.83036646,4.311000013
08FC003,3,3720,3.991919992,5.544333323
08FC003,4,3720,13.05081297,18.73033342
08FC003,5,3720,36.24000005,50.3333334
08FC003,6,3720,32.96903239,47.31666686
08FC003,7,3720,13.98671992,19.4259999
08FC003,8,3720,5.227440033,7.260333379
08FC003,9,3720,4.663045133,6.692333293
08FC003,10,3720,5.715839996,7.938666662
08FC003,11,3720,5.159148345,7.404333274
08FC003,12,3720,3.671039989,5.098666652
08FE003,1,556,63.43054971,13.16733335
08FE003,2,556,47.76801137,10.88966664
08FE003,3,556,55.85298984,11.59433331
08FE003,4,556,113.2772371,24.2986666
08FE003,5,556,321.1029054,66.65666644
08FE003,6,556,473.3974091,101.5466665
08FE003,7,556,464.7377255,96.4733331
08FE003,8,556,324.5552795,67.3733331
08FE003,9,556,265.3847508,56.92666721
08FE003,10,556,259.0886316,53.78333302
08FE003,11,556,139.3417555,29.88966668
08FE003,12,556,73.21281118,15.19799993
08FF001,1,1990,107.0148662,79.50999988
08FF001,2,1990,82.1309424,66.98333308
08FF001,3,1990,89.65686063,66.61333357
08FF001,4,1990,141.7784921,108.8499997
08FF001,5,1990,269.4102513,200.1666667
08FF001,6,1990,303.9630151,233.3666667
08FF001,7,1990,229.3015477,170.3666667
08FF001,8,1990,147.8593446,109.8566666
08FF001,9,1990,166.1962615,127.5966668
08FF001,10,1990,232.7650732,172.9399999
08FF001,11,1990,177.9232166,136.6000004
08FF001,12,1990,111.2276263,82.64000009
08FF002,1,353,94.99847292,12.52033339
08FF002,2,353,65.9863477,9.530999974
08FF002,3,353,70.95610179,9.351666641
08FF002,4,353,127.2992639,17.33666673
08FF002,5,353,267.4606261,35.25000038
08FF002,6,353,308.8126886,42.05666631
08FF002,7,353,216.8770543,28.5833334
08FF002,8,353,127.5667037,16.81266667
08FF002,9,353,163.6117396,22.28200003
08FF002,10,353,226.1338464,29.80333325
08FF002,11,353,164.4243396,22.39266663
08FF002,12,353,105.0797789,13.84900013
08FF003,1,180,155.3918413,10.44300009
08FF003,2,180,112.8515202,8.321333345
08FF003,3,180,126.8271994,8.523333291
08FF003,4,180,222.1391977,15.42633317
08FF003,5,180,479.2847996,32.20999997
08FF003,6,180,510.2879965,35.43666643
08FF003,7,180,321.8643196,21.63066664
08FF003,8,180,180.9953599,12.16366666
08FF003,9,180,224.2080013,15.57000009
08FF003,10,180,343.8123219,23.1056668
08FF003,11,180,241.4784,16.76933333
08FF003,12,180,145.4916796,9.77766664
08FF006,1,3.190000057,378.9932665,0.451384611
08FF006,2,3.190000057,210.8393317,0.275846155
08FF006,3,3.190000057,305.5584835,0.363923081
08FF006,4,3.190000057,363.0800039,0.446846155
08FF006,5,3.190000057,390.8771785,0.465538464
08FF006,6,3.190000057,167.9054174,0.206642859
08FF006,7,3.190000057,90.49945178,0.107785714
08FF006,8,3.190000057,136.3189215,0.162357141
08FF006,9,3.190000057,336.042988,0.413571432
08FF006,10,3.190000057,631.2171865,0.751785716
08FF006,11,3.190000057,562.7994523,0.692642857
08FF006,12,3.190000057,345.5651632,0.41157142
08GA061,1,3.630000114,326.4007834,0.442366667
08GA061,2,3.630000114,216.2340412,0.322266664
08GA061,3,3.630000114,217.1988045,0.294366669
08GA061,4,3.630000114,165.0644573,0.231166666
08GA061,5,3.630000114,107.7508731,0.146033334
08GA061,6,3.630000114,65.81156903,0.092166668
08GA061,7,3.630000114,40.06532102,0.0543
08GA061,8,3.630000114,30.9159659,0.0419
08GA061,9,3.630000114,34.36958567,0.048133333
08GA061,10,3.630000114,158.1291478,0.214310344
08GA061,11,3.630000114,336.3173465,0.471000002
08GA061,12,3.630000114,278.907759,0.377999999
08GA065,1,2.589999914,431.3620227,0.417125001
08GA065,2,2.589999914,352.6408633,0.374562502
08GA065,3,2.589999914,299.7601984,0.28986667
08GA065,4,2.589999914,383.5626391,0.383266668
08GA065,5,2.589999914,216.0041751,0.208874998
08GA065,6,2.589999914,112.4617802,0.112375
08GA065,7,2.589999914,71.49294523,0.069133334
08GA065,8,2.589999914,64.59343175,0.062461538
08GA065,9,2.589999914,65.83651704,0.065785715
08GA065,10,2.589999914,249.3733773,0.241142856
08GA065,11,2.589999914,485.8749185,0.485499999
08GA065,12,2.589999914,377.4579227,0.364999995
08GA071,1,1200,67.32943472,30.16551735
08GA071,2,1200,49.71748988,24.45172425
08GA071,3,1200,71.25287991,31.9233333
08GA071,4,1200,134.3304001,62.19000003
08GA071,5,1200,328.0519197,146.9766665
08GA071,6,1200,466.992,216.2
08GA071,7,1200,525.3666207,235.3793103
08GA071,8,1200,427.4664828,191.5172414
08GA071,9,1200,251.3736002,116.3766668
08GA071,10,1200,203.5137598,91.17999992
08GA071,11,1200,146.8224007,67.97333368
08GA071,12,1200,64.5792,28.93333333
08GA072,1,297,60.04498703,6.658214288
08GA072,2,297,42.80374044,5.208928594
08GA072,3,297,52.73770538,5.84793104
08GA072,4,297,78.07598748,8.946206899
08GA072,5,297,211.7095916,23.47586198
08GA072,6,297,370.6984324,42.47586204
08GA072,7,297,415.9869571,46.12758597
08GA072,8,297,324.1258932,35.94137928
08GA072,9,297,182.5805639,20.92068962
08GA072,10,297,145.9608256,16.1851722
08GA072,11,297,114.3363002,13.10103439
08GA072,12,297,64.3801558,7.138928567
08GA075,1,284,216.1360042,22.9176468
08GA075,2,284,149.983278,17.47176476
08GA075,3,284,170.8117976,18.11176468
08GA075,4,284,226.5584077,24.82352924
08GA075,5,284,341.0349304,36.1611112
08GA075,6,284,368.8652352,40.41578965
08GA075,7,284,292.1123795,30.97368421
08GA075,8,284,182.4951251,19.35058824
08GA075,9,284,125.3533714,13.73470581
08GA075,10,284,203.7859262,21.60812539
08GA075,11,284,280.7961957,30.76624984
08GA075,12,284,202.3072222,21.4513333
08GA077,1,63,320.6285737,7.54166672
08GA077,2,63,179.5535239,4.643888891
08GA077,3,63,268.9500978,6.326111171
08GA077,4,63,318.3314258,7.737222155
08GA077,5,63,445.1954303,10.47166671
08GA077,6,63,368.4342837,8.95499995
08GA077,7,63,205.9692116,4.844705918
08GA077,8,63,118.8935626,2.796555572
08GA077,9,63,119.0760895,2.894210508
08GA077,10,63,282.1829767,6.637368403
08GA077,11,63,365.1103752,8.874210508
08GA077,12,63,288.3413337,6.782222231
08GA079,1,82.90000153,401.9907721,12.44214293
08GA079,2,82.90000153,165.8655166,5.647142921
08GA079,3,82.90000153,262.6475062,8.129285642
08GA079,4,82.90000153,292.632908,9.359285695
08GA079,5,82.90000153,434.2995784,13.44214296
08GA079,6,82.90000153,372.1617002,11.90285707
08GA079,7,82.90000153,205.0916812,6.347857186
08GA079,8,82.90000153,121.2734088,3.753571451
08GA079,9,82.90000153,116.334031,3.720714254
08GA079,10,82.90000153,309.449124,9.577857247
08GA079,11,82.90000153,385.9636662,12.34428569
08GA079,12,82.90000153,338.2731924,10.47000006
08GB013,1,147,219.3951509,12.04117652
08GB013,2,147,111.9784092,6.750588151
08GB013,3,147,166.8667842,9.158235241
08GB013,4,147,207.785256,11.78411753
08GB013,5,147,411.0309755,22.5588237
08GB013,6,147,533.0247236,30.22941141
08GB013,7,147,447.8171396,24.5777776
08GB013,8,147,258.3350195,14.17833328
08GB013,9,147,189.2375504,10.73222219
08GB013,10,147,309.9493885,17.01111115
08GB013,11,147,322.4914263,18.28944431
08GB013,12,147,198.3595098,10.88666664
08GD004,1,5680,35.22473245,74.70000013
08GD004,2,5680,27.26016324,63.47999967
08GD004,3,5680,30.93363374,65.59999987
08GD004,4,5680,45.0040562,98.61999969
08GD004,5,5680,121.8797746,258.4666667
08GD004,6,5680,237.5391549,520.5333333
08GD004,7,5680,331.7349296,703.5
08GD004,8,5680,302.1687887,640.8
08GD004,9,5680,174.3998057,382.1724138
08GD004,10,5680,99.49690141,211
08GD004,11,5680,59.54739195,130.4896552
08GD004,12,5680,36.18734331,76.74137918
08GD007,1,1550,16.82948588,9.73928581
08GD007,2,1550,15.02691096,9.541428566
08GD007,3,1550,16.80603438,9.725714343
08GD007,4,1550,26.2300109,15.6853846
08GD007,5,1550,92.00935344,53.24615361
08GD007,6,1550,191.8208631,114.7076921
08GD007,7,1550,227.2984615,131.5384615
08GD007,8,1550,197.2977235,114.1769233
08GD007,9,1550,105.4165762,63.03846183
08GD007,10,1550,59.81538411,34.61538432
08GD007,11,1550,28.85931512,17.2576923
08GD007,12,1550,18.43775988,10.66999993
08GD008,1,486,3.588126994,0.65107143
08GD008,2,486,3.001098453,0.597250008
08GD008,3,486,3.822939666,0.693678569
08GD008,4,486,6.020229948,1.128793115
08GD008,5,486,15.83019156,2.872413791
08GD008,6,486,23.49609226,4.405517299
08GD008,7,486,20.96882775,3.804827616
08GD008,8,486,13.84429137,2.512068999
08GD008,9,486,7.965057439,1.49344827
08GD008,10,486,6.749020655,1.224620683
08GD008,11,486,4.78160925,0.896551734
08GD008,12,486,3.748695827,0.680206904
08GE002,1,5780,38.95419223,84.063333
08GE002,2,5780,29.1547184,69.10666682
08GE002,3,5780,33.25757241,71.7700002
08GE002,4,5780,51.69928187,115.2862073
08GE002,5,5780,140.071915,302.2758621
08GE002,6,5780,261.1947978,582.4482759
08GE002,7,5780,341.2794845,736.4827586
08GE002,8,5780,309.0658203,666.9655172
08GE002,9,5780,199.9895205,445.9642857
08GE002,10,5780,116.2118438,250.7857143
08GE002,11,5780,72.14004954,160.8678574
08GE002,12,5780,40.7933031,88.03214305
08GE003,1,23,102.4390949,0.87966666
08GE003,2,23,49.64431269,0.468916663
08GE003,3,23,66.88833612,0.574384607
08GE003,4,23,94.64701092,0.839846162
08GE003,5,23,267.8399977,2.29999998
08GE003,6,23,535.6511054,4.753076938
08GE003,7,23,924.6302504,7.939999911
08GE003,8,23,851.4445459,7.31153844
08GE003,9,23,530.4497726,4.706923136
08GE003,10,23,317.8248574,2.72923078
08GE003,11,23,199.3239323,1.768692301
08GE003,12,23,91.55828188,0.786230766
08GF005,1,54.29999924,98.16689824,1.990166704
08GF005,2,54.29999924,46.68556979,1.040000002
08GF005,3,54.29999924,74.38767128,1.508083368
08GF005,4,54.29999924,102.1157679,2.139230756
08GF005,5,54.29999924,144.9045156,2.937692312
08GF005,6,54.29999924,140.3770539,2.94076926
08GF005,7,54.29999924,92.09537509,1.86707691
08GF005,8,54.29999924,61.08831306,1.238461527
08GF005,9,54.29999924,75.24841596,1.576384618
08GF005,10,54.29999924,145.7787875,2.955416684
08GF005,11,54.29999924,153.0974614,3.207250014
08GF005,12,54.29999924,86.443758,1.752499998
08GF006,1,36.90000153,276.2477932,3.80583333
08GF006,2,36.90000153,130.6813608,1.974500005
08GF006,3,36.90000153,214.1268188,2.949999978
08GF006,4,36.90000153,285.8926735,4.070000034
08GF006,5,36.90000153,400.3920274,5.516153831
08GF006,6,36.90000153,381.0461399,5.424615411
08GF006,7,36.90000153,202.0664815,2.783846131
08GF006,8,36.90000153,137.6609309,1.896538441
08GF006,9,36.90000153,157.0815707,2.236230786
08GF006,10,36.90000153,369.124487,5.085384607
08GF006,11,36.90000153,377.9662135,5.380769234
08GF006,12,36.90000153,239.1408547,3.294615406
08HA001,1,355,305.84813,40.53766658
08HA001,2,355,199.0743618,29.00366669
08HA001,3,355,185.3653991,24.56866662
08HA001,4,355,147.3424231,20.18000008
08HA001,5,355,95.65534622,12.6783333
08HA001,6,355,42.52583662,5.824333334
08HA001,7,355,14.90196386,1.975133351
08HA001,8,355,7.028725134,0.931599994
08HA001,9,355,9.009694806,1.233966688
08HA001,10,355,81.88208368,10.85280007
08HA001,11,355,254.0403403,34.79333364
08HA001,12,355,270.5158843,35.85466657
08HA003,1,209,307.6742592,24.0083334
08HA003,2,209,209.6201794,17.99133329
08HA003,3,209,178.1200061,13.89899988
08HA003,4,209,106.0983725,8.55499994
08HA003,5,209,44.9958385,3.511100002
08HA003,6,209,20.98238457,1.691866657
08HA003,7,209,10.57348597,0.82506667
08HA003,8,209,5.130823302,0.400366663
08HA003,9,209,6.953753151,0.560700003
08HA003,10,209,64.08637998,5.000766657
08HA003,11,209,239.4272161,19.30566673
08HA003,12,209,268.2330027,20.93066665
08HA010,1,578,474.2094026,102.3346157
08HA010,2,578,306.6745588,72.74400024
08HA010,3,578,303.3357512,65.46000008
08HA010,4,578,217.6203742,48.52800011
08HA010,5,578,127.6642221,27.55000014
08HA010,6,578,64.57743987,14.40037047
08HA010,7,578,32.68065058,7.052500014
08HA010,8,578,22.97922897,4.958928594
08HA010,9,578,31.45577878,7.014444497
08HA010,10,578,187.5892595,40.48185184
08HA010,11,578,442.4234207,98.65769181
08HA010,12,578,392.3852419,84.67692272
08HA016,1,15.5,245.8586481,1.422793103
08HA016,2,15.5,152.0628863,0.967500007
08HA016,3,15.5,120.6028793,0.697933329
08HA016,4,15.5,55.1733675,0.329933332
08HA016,5,15.5,24.84288001,0.143766667
08HA016,6,15.5,11.57202584,0.0692
08HA016,7,15.5,5.454720047,0.031566667
08HA016,8,15.5,3.444479996,0.019933333
08HA016,9,15.5,3.389109711,0.020266667
08HA016,10,15.5,14.24110352,0.082413794
08HA016,11,15.5,110.5541756,0.661107146
08HA016,12,15.5,199.7814858,1.156142857
08HA026,1,12.39999962,88.7760024,0.410999998
08HA026,2,12.39999962,74.2376032,0.377999997
08HA026,3,12.39999962,51.93600233,0.240444448
08HA026,4,12.39999962,22.05290386,0.1055
08HA026,5,12.39999962,9.252000326,0.042833334
08HA026,6,12.39999962,2.624516226,0.012555556
08HA026,7,12.39999962,0.50400003,0.002333333
08HA026,8,12.39999962,0.168000013,0.000777778
08HA026,9,12.39999962,0.184440241,0.000882353
08HA026,10,12.39999962,1.118117708,0.005176471
08HA026,11,12.39999962,20.59582602,0.098529412
08HA026,12,12.39999962,67.92564835,0.314470585
08HA068,1,2.880000114,502.7978385,0.540642859
08HA068,2,2.880000114,213.8314186,0.253071427
08HA068,3,2.880000114,281.5242729,0.302714284
08HA068,4,2.880000114,165.4071365,0.183785714
08HA068,5,2.880000114,102.3664247,0.110071429
08HA068,6,2.880000114,56.1857133,0.062428573
08HA068,7,2.880000114,32.28428446,0.034714286
08HA068,8,2.880000114,20.19428494,0.021714286
08HA068,9,2.880000114,30.59999925,0.034000001
08HA068,10,2.880000114,181.4828506,0.195142858
08HA068,11,2.880000114,430.5214161,0.478357148
08HA068,12,2.880000114,400.2321298,0.430357146
08HA069,1,8.119999886,1166.498834,3.536428613
08HA069,2,8.119999886,481.9262572,1.607285719
08HA069,3,8.119999886,702.8208413,2.130714289
08HA069,4,8.119999886,454.3068281,1.423214272
08HA069,5,8.119999886,289.233277,0.876857144
08HA069,6,8.119999886,154.4529216,0.483857139
08HA069,7,8.119999886,88.80636777,0.269230771
08HA069,8,8.119999886,81.9555887,0.248461533
08HA069,9,8.119999886,146.0025789,0.457384616
08HA069,10,8.119999886,624.5371265,1.893384631
08HA069,11,8.119999886,1134.675281,3.554615415
08HA069,12,8.119999886,939.9845966,2.849714313
08HA070,1,28,661.5059278,6.915384549
08HA070,2,28,280.6077361,3.223846151
08HA070,3,28,417.0651459,4.360000031
08HA070,4,28,272.4046528,2.942642855
08HA070,5,28,177.8471262,1.859214282
08HA070,6,28,83.02996054,0.896928586
08HA070,7,28,46.68751829,0.488071428
08HA070,8,28,30.64707634,0.320384609
08HA070,9,28,52.81556041,0.570538461
08HA070,10,28,307.052069,3.209923063
08HA070,11,28,667.9384578,7.215384575
08HA070,12,28,593.2214471,6.201538425
08HA072,1,13,265.0929256,1.286666679
08HA072,2,13,107.5159387,0.573583335
08HA072,3,13,162.9188296,0.790749994
08HA072,4,13,187.2886146,0.93933333
08HA072,5,13,211.1815376,1.024999996
08HA072,6,13,93.81813004,0.470538461
08HA072,7,13,36.9429016,0.179307691
08HA072,8,13,19.5095293,0.094692309
08HA072,9,13,26.53349087,0.133076922
08HA072,10,13,139.2292538,0.675769228
08HA072,11,13,287.6966611,1.442923069
08HA072,12,13,242.8785816,1.178846162
08HB002,1,319,233.8484927,27.85157899
08HB002,2,319,199.3577698,26.11473656
08HB002,3,319,150.6815421,17.94631569
08HB002,4,319,103.8852727,12.78526311
08HB002,5,319,85.68140253,10.20473694
08HB002,6,319,50.58697893,6.225789459
08HB002,7,319,21.60528836,2.573210494
08HB002,8,319,10.44315271,1.243789469
08HB002,9,319,9.843270565,1.21142103
08HB002,10,319,74.66244359,8.892368394
08HB002,11,319,215.3613729,26.50473686
08HB002,12,319,223.8039399,26.65526315
08HB014,1,162,666.2933304,40.29999983
08HB014,2,162,445.419027,29.60133365
08HB014,3,162,426.0033803,25.76633348
08HB014,4,162,285.8293327,17.8643333
08HB014,5,162,150.7619567,9.118666736
08HB014,6,162,92.52266642,5.782666651
08HB014,7,162,48.52312869,2.934866655
08HB014,8,162,44.13848948,2.669666703
08HB014,9,162,60.36426697,3.772766685
08HB014,10,162,352.3721779,21.31283334
08HB014,11,162,679.7866653,42.48666658
08HB014,12,162,588.1457777,35.57333333
08HB024,1,113,305.3719275,12.88344826
08HB024,2,113,203.8686702,9.444827589
08HB024,3,113,201.9302708,8.519310261
08HB024,4,113,179.5654072,7.828275853
08HB024,5,113,209.9564822,8.857931038
08HB024,6,113,147.9504437,6.450000052
08HB024,7,113,62.58890309,2.640586189
08HB024,8,113,31.31938005,1.321344812
08HB024,9,113,29.95382015,1.305857128
08HB024,10,113,179.4197841,7.569607079
08HB024,11,113,304.8057656,13.28821432
08HB024,12,113,274.6545143,11.58750004
08HB025,1,87.90000153,222.9421668,7.316538531
08HB025,2,87.90000153,135.2594353,4.871923057
08HB025,3,87.90000153,171.4785378,5.627599959
08HB025,4,87.90000153,229.0632031,7.767999964
08HB025,5,87.90000153,309.5979488,10.16041673
08HB025,6,87.90000153,180.9841615,6.137541694
08HB025,7,87.90000153,53.87392839,1.768040019
08HB025,8,87.90000153,24.14445024,0.792375005
08HB025,9,87.90000153,23.50443653,0.797083336
08HB025,10,87.90000153,148.5638473,4.875583335
08HB025,11,87.90000153,237.9685974,8.070000029
08HB025,12,87.90000153,192.4060131,6.314399958
08HB032,1,86.19999695,207.4957385,6.677916676
08HB032,2,86.19999695,138.934112,4.910833344
08HB032,3,86.19999695,121.258195,3.902500014
08HB032,4,86.19999695,69.87299543,2.323708331
08HB032,5,86.19999695,28.02946738,0.902083334
08HB032,6,86.19999695,14.11141572,0.469291664
08HB032,7,86.19999695,3.397647657,0.109347826
08HB032,8,86.19999695,1.133449851,0.036478261
08HB032,9,86.19999695,2.245197287,0.074666666
08HB032,10,86.19999695,18.54605648,0.596875004
08HB032,11,86.19999695,119.2385187,3.965416647
08HB032,12,86.19999695,185.4994045,5.970000039
08HB048,1,10.30000019,444.276337,1.708499983
08HB048,2,10.30000019,297.9292834,1.259733332
08HB048,3,10.30000019,270.2843591,1.039399996
08HB048,4,10.30000019,182.3375499,0.724566666
08HB048,5,10.30000019,95.50359466,0.367266668
08HB048,6,10.30000019,57.33436803,0.227833334
08HB048,7,10.30000019,31.42135888,0.120833334
08HB048,8,10.30000019,28.80363455,0.110766667
08HB048,9,10.30000019,42.63797991,0.169433334
08HB048,10,10.30000019,225.973743,0.868999998
08HB048,11,10.30000019,443.7520689,1.763366664
08HB048,12,10.30000019,371.0840785,1.427033333
08HB069,1,2.529999971,489.0991339,0.461999998
08HB069,2,2.529999971,372.3971271,0.386526318
08HB069,3,2.529999971,282.8840635,0.267210526
08HB069,4,2.529999971,222.7731249,0.217444444
08HB069,5,2.529999971,126.2153365,0.119222221
08HB069,6,2.529999971,88.5059292,0.086388888
08HB069,7,2.529999971,50.87430922,0.048055556
08HB069,8,2.529999971,33.81818199,0.031944444
08HB069,9,2.529999971,54.64031751,0.053333334
08HB069,10,2.529999971,280.3674342,0.264833333
08HB069,11,2.529999971,458.0144201,0.447058823
08HB069,12,2.529999971,368.0386889,0.347647055
08HB074,1,213,270.2067278,21.48821424
08HB074,2,213,180.6007739,15.76678583
08HB074,3,213,204.3425209,16.25035729
08HB074,4,213,207.7511467,17.07214284
08HB074,5,213,340.989761,27.1172413
08HB074,6,213,330.5355985,27.16206886
08HB074,7,213,202.568907,16.10931048
08HB074,8,213,112.1398422,8.917930998
08HB074,9,213,68.13388939,5.598965448
08HB074,10,213,213.5565453,16.9831034
08HB074,11,213,329.4194067,27.07034476
08HB074,12,213,236.078175,18.77413802
08HB075,1,41.09999847,271.2613259,4.162500031
08HB075,2,41.09999847,169.4855002,2.85507693
08HB075,3,41.09999847,175.6675549,2.695615381
08HB075,4,41.09999847,144.7042388,2.294499998
08HB075,5,41.09999847,80.65779055,1.237692305
08HB075,6,41.09999847,40.59412732,0.643680004
08HB075,7,41.09999847,13.84165883,0.212399999
08HB075,8,41.09999847,6.389059478,0.09804
08HB075,9,41.09999847,13.96779038,0.221480001
08HB075,10,41.09999847,102.278489,1.569461522
08HB075,11,41.09999847,230.9247485,3.661653863
08HB075,12,41.09999847,260.8219291,4.002307679
08HB086,1,38.59999847,822.9025756,11.85933324
08HB086,2,38.59999847,370.8246358,5.85999999
08HB086,3,38.59999847,488.2182149,7.035999982
08HB086,4,38.59999847,422.6437455,6.293999974
08HB086,5,38.59999847,422.0677517,6.082666731
08HB086,6,38.59999847,321.188097,4.783125021
08HB086,7,38.59999847,195.2768769,2.814249981
08HB086,8,38.59999847,131.5304334,1.895562473
08HB086,9,38.59999847,200.4351353,2.984874967
08HB086,10,38.59999847,652.7082321,9.406562412
08HB086,11,38.59999847,957.4368219,14.25812495
08HB086,12,38.59999847,647.2655727,9.328125045
08HB089,1,86.80000305,253.5032871,8.215384593
08HB089,2,86.80000305,151.487892,5.398461516
08HB089,3,86.80000305,150.5353787,4.878461517
08HB089,4,86.80000305,130.7944648,4.379999977
08HB089,5,86.80000305,136.3648313,4.4192308
08HB089,6,86.80000305,83.1052499,2.782999979
08HB089,7,86.80000305,28.18799839,0.91349998
08HB089,8,86.80000305,9.660489508,0.31307143
08HB089,9,86.80000305,11.46904496,0.384071426
08HB089,10,86.80000305,105.8620365,3.430714267
08HB089,11,86.80000305,228.4850477,7.651428563
08HB089,12,86.80000305,221.9289724,7.192142878
08HC002,1,187,356.3667144,24.88074059
08HC002,2,187,224.1170485,17.19185188
08HC002,3,187,228.0751253,15.92370386
08HC002,4,187,236.1137965,17.03444442
08HC002,5,187,290.3854548,20.2740741
08HC002,6,187,263.1170062,18.98259265
08HC002,7,187,154.0570689,10.75592588
08HC002,8,187,81.26095973,5.67346157
08HC002,9,187,77.22609617,5.571481475
08HC002,10,187,261.2183689,18.23769227
08HC002,11,187,449.3617429,32.41923068
08HC002,12,187,332.6790953,23.2269231
08HD011,1,302,168.3341889,18.98033342
08HD011,2,302,110.1229022,13.6343332
08HD011,3,302,114.9287842,12.95866667
08HD011,4,302,132.8843441,15.48266664
08HD011,5,302,190.2521328,21.4516667
08HD011,6,302,155.7174023,18.14299981
08HD011,7,302,75.04250106,8.461333378
08HD011,8,302,30.83707573,3.477000026
08HD011,9,302,22.0763445,2.572166681
08HD011,10,302,104.7159795,11.8071333
08HD011,11,302,190.9068089,22.24300011
08HD011,12,302,145.8102049,16.44066677
08HD015,1,268,187.2916892,18.74035719
08HD015,2,268,116.1292447,12.74285708
08HD015,3,268,137.2323076,13.73142862
08HD015,4,268,165.9999157,17.16357153
08HD015,5,268,202.2113468,20.23321421
08HD015,6,268,136.2216206,14.08464287
08HD015,7,268,56.27638164,5.630999955
08HD015,8,268,23.29475091,2.330866653
08HD015,9,268,27.1383047,2.805966689
08HD015,10,268,149.8691383,14.99586658
08HD015,11,268,231.9326414,23.98068977
08HD015,12,268,158.5885979,15.86833342
08HE006,1,178,582.7562091,38.72857124
08HE006,2,178,383.0931644,27.95357159
08HE006,3,178,345.4243924,22.95607148
08HE006,4,178,333.517177,22.90357157
08HE006,5,178,307.8225342,20.45714273
08HE006,6,178,270.4437881,18.57214286
08HE006,7,178,188.0522698,12.49750001
08HE006,8,178,151.6058217,10.07535703
08HE006,9,178,163.4561807,11.22500007
08HE006,10,178,440.9633051,29.30535705
08HE006,11,178,653.5126808,44.87857144
08HE006,12,178,515.3662916,34.24999997
08HE008,1,14.60000038,375.5416395,2.047083363
08HE008,2,14.60000038,183.252817,1.096333332
08HE008,3,14.60000038,239.2367607,1.304083332
08HE008,4,14.60000038,252.6312277,1.423000008
08HE008,5,14.60000038,204.9770886,1.117333323
08HE008,6,14.60000038,102.6443801,0.578166662
08HE008,7,14.60000038,51.28190445,0.279538465
08HE008,8,14.60000038,53.52566356,0.291769231
08HE008,9,14.60000038,105.3734015,0.593538465
08HE008,10,14.60000038,314.3521478,1.713538485
08HE008,11,14.60000038,477.1983853,2.687923074
08HE008,12,14.60000038,333.431157,1.817538463
08HE009,1,33.29999924,962.7092216,11.9691668
08HE009,2,33.29999924,542.4583944,7.407500048
08HE009,3,33.29999924,691.3167749,8.595000029
08HE009,4,33.29999924,538.5729836,6.919166644
08HE009,5,33.29999924,370.2573066,4.603333344
08HE009,6,33.29999924,259.459467,3.333333353
08HE009,7,33.29999924,222.3647421,2.764615345
08HE009,8,33.29999924,208.4004381,2.591000011
08HE009,9,33.29999924,313.2494102,4.024384691
08HE009,10,33.29999924,806.8610526,10.03153839
08HE009,11,33.29999924,1097.214177,14.09615403
08HE009,12,33.29999924,860.7507956,10.70153854
08HE010,1,19.60000038,612.5783933,4.482727278
08HE010,2,19.60000038,287.2840015,2.309090907
08HE010,3,19.60000038,384.8647067,2.816363649
08HE010,4,19.60000038,353.0938693,2.66999999
08HE010,5,19.60000038,412.9407015,3.021818215
08HE010,6,19.60000038,364.0341299,2.75272727
08HE010,7,19.60000038,259.6863618,1.90033333
08HE010,8,19.60000038,220.6325744,1.614545454
08HE010,9,19.60000038,201.5532412,1.524090897
08HE010,10,19.60000038,529.6672614,3.876000047
08HE010,11,19.60000038,712.5595378,5.388181795
08HE010,12,19.60000038,540.4007257,3.954545411
08HF004,1,365,264.4644826,36.04000006
08HF004,2,365,162.1389495,24.2289999
08HF004,3,365,147.676459,20.12466679
08HF004,4,365,163.5208761,23.02666658
08HF004,5,365,190.1786304,25.9166667
08HF004,6,365,148.1274752,20.85900017
08HF004,7,365,75.58224646,10.29999998
08HF004,8,365,41.62649453,5.672666705
08HF004,9,365,51.03517783,7.186666632
08HF004,10,365,209.6245472,28.56666656
08HF004,11,365,302.826084,42.64333359
08HF004,12,365,225.9640119,30.79333347
08HF005,1,783,326.8640004,95.55500011
08HF005,2,783,195.6855177,62.7714287
08HF005,3,783,202.2442046,59.12380981
08HF005,4,783,204.4689665,61.76666696
08HF005,5,783,199.8985892,58.43809564
08HF005,6,783,156.7054194,47.33809544
08HF005,7,783,90.12702841,26.34761919
08HF005,8,783,53.99151443,15.78380966
08HF005,9,783,56.48078821,17.06190477
08HF005,10,783,223.1589532,65.23800044
08HF005,11,783,398.7310345,120.45
08HF005,12,783,319.4924128,93.39999971
08HF006,1,64.40000153,526.407855,12.65705894
08HF006,2,64.40000153,337.3869485,8.915294311
08HF006,3,64.40000153,398.7263637,9.587058853
08HF006,4,64.40000153,290.4990815,7.217647104
08HF006,5,64.40000153,136.163671,3.273947364
08HF006,6,64.40000153,100.3118374,2.492315772
08HF006,7,64.40000153,91.54191321,2.201052625
08HF006,8,64.40000153,106.8032766,2.56799999
08HF006,9,64.40000153,165.6753152,4.116315799
08HF006,10,64.40000153,458.5304254,11.02500004
08HF006,11,64.40000153,588.5664537,14.62333353
08HF006,12,64.40000153,526.2529084,12.65333337
08HF012,1,22.29999924,442.8968761,3.6875
08HF012,2,22.29999924,285.0231488,2.603333334
08HF012,3,22.29999924,366.1280811,3.048333307
08HF012,4,22.29999924,234.039995,2.013538468
08HF012,5,22.29999924,88.38997448,0.735923075
08HF012,6,22.29999924,56.10486652,0.482692315
08HF012,7,22.29999924,51.57236702,0.429384612
08HF012,8,22.29999924,69.39449254,0.577769239
08HF012,9,22.29999924,130.7265724,1.124692309
08HF012,10,22.29999924,375.003731,3.122230777
08HF012,11,22.29999924,500.3391689,4.304615388
08HF012,12,22.29999924,404.1714086,3.36507695
08HF013,1,16.29999924,399.8429576,2.433333298
08HF013,2,16.29999924,203.8914815,1.359909096
08HF013,3,16.29999924,270.230108,1.644545458
08HF013,4,16.29999924,188.4079046,1.184818172
08HF013,5,16.29999924,81.95038043,0.498727277
08HF013,6,16.29999924,42.588022,0.267818181
08HF013,7,16.29999924,46.85830841,0.285166663
08HF013,8,16.29999924,72.54685084,0.441500005
08HF013,9,16.29999924,127.7447907,0.80333333
08HF013,10,16.29999924,323.9233583,1.971307681
08HF013,11,16.29999924,488.1865226,3.069999979
08HF013,12,16.29999924,358.0132366,2.178769222
08MH155,1,70,179.8507341,4.700400009
08MH155,2,70,94.52435295,2.712730756
08MH155,3,70,99.32007529,2.595730761
08MH155,4,70,64.79003056,1.749730764
08MH155,5,70,39.11935629,1.02238461
08MH155,6,70,23.13288787,0.624730768
08MH155,7,70,13.87764405,0.36269231
08MH155,8,70,12.68266543,0.331461537
08MH155,9,70,15.96785946,0.431230773
08MH155,10,70,53.88293252,1.408230763
08MH155,11,70,156.5624976,4.228153871
08MH155,12,70,151.3766928,3.956230771
08OA002,1,480,276.8257239,49.61034479
08OA002,2,480,195.9293796,38.58965522
08OA002,3,480,176.3087577,31.59655157
08OA002,4,480,140.9772427,26.1068968
08OA002,5,480,84.67746215,15.17517243
08OA002,6,480,50.18089642,9.292758596
08OA002,7,480,31.52315194,5.649310383
08OA002,8,480,37.23014476,6.672068954
08OA002,9,480,104.8214481,19.41137928
08OA002,10,480,269.0329653,48.21379306
08OA002,11,480,294.5048262,54.53793078
08OA002,12,480,300.8018555,53.90714257
08OB002,1,76.69999695,447.3062869,12.80928571
08OB002,2,76.69999695,318.0269227,10.02785714
08OB002,3,76.69999695,287.8319801,8.242499999
08OB002,4,76.69999695,251.113589,7.430714318
08OB002,5,76.69999695,180.3392871,5.164285681
08OB002,6,76.69999695,120.0894065,3.553571416
08OB002,7,76.69999695,66.49374925,1.904148135
08OB002,8,76.69999695,73.63384142,2.108615372
08OB002,9,76.69999695,200.3959416,5.929925969
08OB002,10,76.69999695,450.8108037,12.9096428
08OB002,11,76.69999695,468.3728251,13.85964285
08OB002,12,76.69999695,495.8332725,14.19892865
