"STATION_NUMBER","Month","area_km2","runoff","Q","start_year","end_year","record_length"
"08BB005",1,16700,10.2164119255068,63.6999996848728,1988,2010,23
"08BB005",2,16700,7.9618016287504,54.3956522734269,1988,2010,23
"08BB005",3,16700,10.5804121790069,65.96956518422,1988,2010,23
"08BB005",4,16700,18.7898068314373,121.06086963156,1988,2010,23
"08BB005",5,16700,93.5382910700338,583.217391304348,1988,2010,23
"08BB005",6,16700,154.57524602968,995.913043478261,1988,2010,23
"08BB005",7,16700,144.881845352773,903.347826086957,1988,2010,23
"08BB005",8,16700,119.220527987503,743.347826086957,1988,2010,23
"08BB005",9,16700,83.3880343660505,537.260869565217,1988,2010,23
"08BB005",10,16700,51.796494284159,322.954545454545,1988,2010,23
"08BB005",11,16700,22.5766445721838,145.459091186523,1988,2010,23
"08BB005",12,16700,15.4113706853095,96.0909089175138,1988,2010,23
"08CA001",1,3400,6.19918300673541,7.86933326721191,1981,1995,15
"08CA001",2,3400,4.59536189602123,6.41333335240682,1981,1995,15
"08CA001",3,3400,4.76650163403679,6.05066665013631,1981,1995,15
"08CA001",4,3400,6.49742515451768,8.52285706996918,1981,1995,15
"08CA001",5,3400,78.8890085106858,100.142857279096,1981,1995,15
"08CA001",6,3400,175.014453781513,229.571428571429,1981,1995,15
"08CA001",7,3400,124.916974789916,158.571428571429,1981,1995,15
"08CA001",8,3400,55.2729478562299,70.16428565979,1981,1995,15
"08CA001",9,3400,42.9313614276277,56.3142858232771,1981,1995,15
"08CA001",10,3400,37.5651227105405,47.6857143129621,1981,1995,15
"08CA001",11,3400,13.5862185393261,17.8214286395482,1981,1995,15
"08CA001",12,3400,8.76500781051251,11.1264286722456,1981,1995,15
"08CA002",1,7690,6.78249359265788,19.4733332316081,1981,1995,15
"08CA002",2,7690,5.23049937734616,16.5006664276123,1981,1995,15
"08CA002",3,7690,5.40672254989485,15.5233334859212,1981,1995,15
"08CA002",4,7690,7.09032135916846,21.0357142175947,1981,1995,15
"08CA002",5,7690,78.677689020992,225.892857142857,1981,1995,15
"08CA002",6,7690,166.315586104403,493.428571428571,1981,1995,15
"08CA002",7,7690,113.171480587033,324.928571428571,1981,1995,15
"08CA002",8,7690,52.3215960980223,150.221428462437,1981,1995,15
"08CA002",9,7690,44.4752146378428,131.950000217983,1981,1995,15
"08CA002",10,7690,38.4942255058196,110.521428516933,1981,1995,15
"08CA002",11,7690,13.4728144249375,39.9714285986764,1981,1995,15
"08CA002",12,7690,8.96614670137125,25.7428569793701,1981,1995,15
"08CA003",1,2730,7.53091512491415,7.6759999593099,1981,1995,15
"08CA003",2,2730,5.66104618684538,6.34466670354207,1981,1995,15
"08CA003",3,2730,5.63085357397729,5.73933327992757,1981,1995,15
"08CA003",4,2730,7.25448039487542,7.64071430478777,1981,1995,15
"08CA003",5,2730,73.9818650456163,75.4071429116385,1981,1995,15
"08CA003",6,2730,157.269701726845,165.642857142857,1981,1995,15
"08CA003",7,2730,102.174442700157,104.142857142857,1981,1995,15
"08CA003",8,2730,49.3142357996008,50.2642860412598,1981,1995,15
"08CA003",9,2730,48.3338149377652,50.9071430478777,1981,1995,15
"08CA003",10,2730,43.2314226662533,44.0642860957554,1981,1995,15
"08CA003",11,2730,18.8194661186853,19.8214284351894,1981,1995,15
"08CA003",12,2730,11.3323930618789,11.5507142543793,1981,1995,15
"08CB001",1,18800,7.65433533364154,53.7266667683919,1981,1995,15
"08CB001",2,18800,5.74909279622829,44.3600002288818,1981,1995,15
"08CB001",3,18800,5.80035064554417,40.713333384196,1981,1995,15
"08CB001",4,18800,7.83114894368366,56.8000000544957,1981,1995,15
"08CB001",5,18800,72.3839635258359,508.071428571429,1981,1995,15
"08CB001",6,18800,151.836838905775,1101.28571428571,1981,1995,15
"08CB001",7,18800,109.191610942249,766.428571428571,1981,1995,15
"08CB001",8,18800,54.4329848024316,382.071428571429,1981,1995,15
"08CB001",9,18800,45.1630395136778,327.571428571429,1981,1995,15
"08CB001",10,18800,39.2296048632219,275.357142857143,1981,1995,15
"08CB001",11,18800,15.4318541033435,111.928571428571,1981,1995,15
"08CB001",12,18800,10.1915561921836,71.5357140132359,1981,1995,15
"08CC001",1,3550,9.69646817441054,12.8518750071526,1981,1996,16
"08CC001",2,3550,7.59411889111156,11.0493750274181,1981,1996,16
"08CC001",3,3550,8.05406198082508,10.6750000119209,1981,1996,16
"08CC001",4,3550,11.5167549249354,15.7733333269755,1981,1996,16
"08CC001",5,3550,71.4994481751348,94.7666670481364,1981,1996,16
"08CC001",6,3550,167.250929577465,229.066666666667,1981,1996,16
"08CC001",7,3550,154.869363380282,205.266666666667,1981,1996,16
"08CC001",8,3550,87.1322502943442,115.486666870117,1981,1996,16
"08CC001",9,3550,58.7471320972711,80.459999593099,1981,1996,16
"08CC001",10,3550,44.4538945972711,58.9199991861979,1981,1996,16
"08CC001",11,3550,19.3584676891918,26.5133334477743,1981,1996,16
"08CC001",12,3550,12.9870963764029,17.213333384196,1981,1996,16
"08CD001",1,3550,5.84243290596546,7.7436666727066,1981,2010,30
"08CD001",2,3550,4.73992023803281,6.89800001780192,1981,2010,30
"08CD001",3,3550,4.983081467427,6.60466667016347,1981,2010,30
"08CD001",4,3550,8.10237290761169,11.0969999313354,1981,2010,30
"08CD001",5,3550,90.899614878136,120.480000305176,1981,2010,30
"08CD001",6,3550,90.5953727798499,124.079310713143,1981,2010,30
"08CD001",7,3550,32.668935355173,43.3000001907349,1981,2010,30
"08CD001",8,3550,18.9225816299653,25.0803333282471,1981,2010,30
"08CD001",9,3550,24.9781185001857,34.210000260671,1981,2010,30
"08CD001",10,3550,24.098055134518,31.9399998982747,1981,2010,30
"08CD001",11,3550,10.4646219551194,14.3323333104452,1981,2010,30
"08CD001",12,3550,7.70348073932487,10.2103332678477,1981,2010,30
"08CE001",1,29000,7.27570427351327,78.7766666412354,1981,2010,30
"08CE001",2,29000,5.72865763107826,68.1266663869222,1981,2010,30
"08CE001",3,29000,5.82228748585668,63.040000406901,1981,2010,30
"08CE001",4,29000,8.33879170595366,93.2966664632161,1981,2010,30
"08CE001",5,29000,67.5541737931034,731.433333333333,1981,2010,30
"08CE001",6,29000,128.21164137931,1434.46666666667,1981,2010,30
"08CE001",7,29000,88.9351944827586,962.933333333333,1981,2010,30
"08CE001",8,29000,46.0715586206897,498.833333333333,1981,2010,30
"08CE001",9,29000,39.2732689655172,439.4,1981,2010,30
"08CE001",10,29000,32.1007779310345,347.566666666667,1981,2010,30
"08CE001",11,29000,13.6744386297818,152.993333435059,1981,2010,30
"08CE001",12,29000,9.74260307676118,105.48666712443,1981,2010,30
"08CF001",1,36000,9.04555198486328,121.579999796549,1981,1995,15
"08CF001",2,36000,6.99998399291992,103.406666564941,1981,1995,15
"08CF001",3,36000,7.4028000189209,99.5000002543132,1981,1995,15
"08CF001",4,36000,12.0178285871233,166.914285932268,1981,1995,15
"08CF001",5,36000,79.5708,1069.5,1981,1995,15
"08CF001",6,36000,148.32,2060,1981,1995,15
"08CF001",7,36000,117.339428571429,1577.14285714286,1981,1995,15
"08CF001",8,36000,74.7879428571429,1005.21428571429,1981,1995,15
"08CF001",9,36000,54.4268571428571,755.928571428571,1981,1995,15
"08CF001",10,36000,43.6462285714286,586.642857142857,1981,1995,15
"08CF001",11,36000,18.936,263,1981,1995,15
"08CF001",12,36000,12.4024800162179,166.700000217983,1981,1995,15
"08CF003",1,50900,16.0201178781925,304.444444444444,1984,2010,27
"08CF003",2,50900,11.91757956778,248.37037037037,1984,2010,27
"08CF003",3,50900,15.5465304518664,295.444444444444,1984,2010,27
"08CF003",4,50900,24.9449115913556,489.851851851852,1984,2010,27
"08CF003",5,50900,104.573170923379,1987.2962962963,1984,2010,27
"08CF003",6,50900,197.148919449902,3871.48148148148,1984,2010,27
"08CF003",7,50900,199.19905697446,3785.55555555556,1984,2010,27
"08CF003",8,50900,154.081571709234,2928.14814814815,1984,2010,27
"08CF003",9,50900,116.067583497053,2279.25925925926,1984,2010,27
"08CF003",10,50900,79.9957974913103,1520.23076923077,1984,2010,27
"08CF003",11,50900,32.7045609792958,642.230769230769,1984,2010,27
"08CF003",12,50900,22.8495813812906,434.230769230769,1984,2010,27
"08CG001",1,9500,24.6732327847451,87.5133331298828,1981,2010,30
"08CG001",2,9500,19.222908671361,74.8733334859212,1981,2010,30
"08CG001",3,9500,20.5212430405787,72.7866669972738,1981,2010,30
"08CG001",4,9500,41.0936588571649,150.613333002726,1981,2010,30
"08CG001",5,9500,154.81152,549.1,1981,2010,30
"08CG001",6,9500,290.413136842105,1064.4,1981,2010,30
"08CG001",7,9500,328.869928421053,1166.46666666667,1981,2010,30
"08CG001",8,9500,263.216235789474,933.6,1981,2010,30
"08CG001",9,9500,191.516968421053,701.933333333333,1981,2010,30
"08CG001",10,9500,123.638703157895,438.533333333333,1981,2010,30
"08CG001",11,9500,55.6115873406661,203.823333231608,1981,2010,30
"08CG001",12,9500,31.9678787225021,113.386666615804,1981,2010,30
"08CG003",1,1250,10.8863567150688,5.08062496036291,1981,1996,16
"08CG003",2,1250,8.19590404397965,4.20312502235174,1981,1996,16
"08CG003",3,1250,8.10751682682037,3.78375001251698,1981,1996,16
"08CG003",4,1250,8.77824,4.23333333333333,1981,1996,16
"08CG003",5,1250,31.9908097770996,14.9300000826518,1981,1996,16
"08CG003",6,1250,98.7863037890625,47.6399998982747,1981,1996,16
"08CG003",7,1250,104.536166291016,48.786666615804,1981,1996,16
"08CG003",8,1250,64.1673222539062,29.9466669718424,1981,1996,16
"08CG003",9,1250,44.209152421875,21.3200002034505,1981,1996,16
"08CG003",10,1250,37.7832957275391,17.6333332061768,1981,1996,16
"08CG003",11,1250,21.7175036572266,10.4733331680298,1981,1996,16
"08CG003",12,1250,14.3590810253906,6.70133336385091,1981,1996,16
"08CG004",1,7230,15.882702037004,42.8733332316081,1981,1995,15
"08CG004",2,7230,13.5440464049533,40.1799997965495,1981,1995,15
"08CG004",3,7230,15.3739418616077,41.4999998728434,1981,1995,15
"08CG004",4,7230,31.8583997797669,88.8642864227295,1981,1995,15
"08CG004",5,7230,138.312554831061,373.357142857143,1981,1995,15
"08CG004",6,7230,270.441730883225,754.357142857143,1981,1995,15
"08CG004",7,7230,304.250574985181,821.285714285714,1981,1995,15
"08CG004",8,7230,213.647516301126,576.714285714286,1981,1995,15
"08CG004",9,7230,148.037462951986,412.928571428571,1981,1995,15
"08CG004",10,7230,94.836846473029,256,1981,1995,15
"08CG004",11,7230,37.43573201015,104.421428407942,1981,1995,15
"08CG004",12,7230,19.0520450503853,51.4285714285714,1981,1995,15
"08CG005",1,844,22.1084362207205,6.96666673024495,1981,1995,15
"08CG005",2,844,17.1873897122207,5.94933338165283,1981,1995,15
"08CG005",3,844,19.6289061046438,6.18533331553141,1981,1995,15
"08CG005",4,844,36.8333383365184,11.9935715879713,1981,1995,15
"08CG005",5,844,170.210778086461,53.6357141222273,1981,1995,15
"08CG005",6,844,363.244143868913,118.278571537563,1981,1995,15
"08CG005",7,844,454.938117806364,143.357142857143,1981,1995,15
"08CG005",8,844,351.891345942141,110.885713849749,1981,1995,15
"08CG005",9,844,221.272035571636,72.0499992370605,1981,1995,15
"08CG005",10,844,134.418686094394,42.3571427209037,1981,1995,15
"08CG005",11,844,53.5817459974244,17.4471426010132,1981,1995,15
"08CG005",12,844,28.0103153271375,8.8264285155705,1981,1995,15
"08CG006",1,311,16.2893962821557,1.89142855576106,1981,1994,14
"08CG006",2,311,11.5054479080326,1.46714286293302,1981,1994,14
"08CG006",3,311,12.2939420576538,1.42749999250684,1981,1994,14
"08CG006",4,311,22.699347581456,2.72357141120093,1981,1994,14
"08CG006",5,311,156.976138656119,18.2271427427019,1981,1994,14
"08CG006",6,311,453.867890231369,54.4571426936558,1981,1994,14
"08CG006",7,311,819.883212618112,95.199999673026,1981,1994,14
"08CG006",8,311,767.216190043942,89.0846158541166,1981,1994,14
"08CG006",9,311,483.010830849254,57.9538458310641,1981,1994,14
"08CG006",10,311,218.081249014953,25.3223075133104,1981,1994,14
"08CG006",11,311,60.4436706761868,7.2523077084468,1981,1994,14
"08CG006",12,311,23.2861141768122,2.70384614284222,1981,1994,14
"08DA005",1,218,17.7106128459895,1.44150000015895,1981,2010,30
"08DA005",2,218,13.5104893318229,1.21003331442674,1981,2010,30
"08DA005",3,218,15.8897923769645,1.29330000678698,1981,2010,30
"08DA005",4,218,61.1220550572107,5.14066666762034,1981,2010,30
"08DA005",5,218,312.070458715596,25.4,1981,2010,30
"08DA005",6,218,555.417245287414,46.7133331298828,1981,2010,30
"08DA005",7,218,520.035523404463,42.3266667048136,1981,2010,30
"08DA005",8,218,358.758166309322,29.2000000953674,1981,2010,30
"08DA005",9,218,233.973577754869,19.6783333142598,1981,2010,30
"08DA005",10,218,149.437520383082,12.163000090917,1981,2010,30
"08DA005",11,218,52.4186424815327,4.40866669019063,1981,2010,30
"08DA005",12,218,24.5560952331823,1.99866665204366,1981,2010,30
"08DB001",1,18400,22.0230469343102,151.293333180745,1981,2010,30
"08DB001",2,18400,18.9865878662109,143.313333638509,1981,2010,30
"08DB001",3,18400,22.7833826457148,156.51666692098,1981,2010,30
"08DB001",4,18400,55.2866086956522,392.466666666667,1981,2010,30
"08DB001",5,18400,201.146869565217,1381.83333333333,1981,2010,30
"08DB001",6,18400,295.074782608696,2094.66666666667,1981,2010,30
"08DB001",7,18400,234.40852173913,1610.33333333333,1981,2010,30
"08DB001",8,18400,158.884434782609,1091.5,1981,2010,30
"08DB001",9,18400,125.58052173913,891.466666666667,1981,2010,30
"08DB001",10,18400,108.999234782609,748.8,1981,2010,30
"08DB001",11,18400,53.136,377.2,1981,2010,30
"08DB001",12,18400,28.134845187776,193.279999796549,1981,2010,30
"08DB010",1,39.4000015258789,42.5510391853461,0.625937503296882,1981,1996,16
"08DB010",2,39.4000015258789,40.7786327842786,0.657312497496605,1981,1996,16
"08DB010",3,39.4000015258789,47.1481658255191,0.693562502041459,1981,1996,16
"08DB010",4,39.4000015258789,121.762594580768,1.85086667140325,1981,1996,16
"08DB010",5,39.4000015258789,308.945045299044,4.5446666876475,1981,1996,16
"08DB010",6,39.4000015258789,268.786065001332,4.08571426357542,1981,1996,16
"08DB010",7,39.4000015258789,124.810715670582,1.83599999547005,1981,1996,16
"08DB010",8,39.4000015258789,58.9791816007863,0.867600001891454,1981,1996,16
"08DB010",9,39.4000015258789,123.740270509882,1.88092856747764,1981,1996,16
"08DB010",10,39.4000015258789,179.126490165855,2.63499999472073,1981,1996,16
"08DB010",11,39.4000015258789,96.0048681392818,1.45933331449827,1981,1996,16
"08DB010",12,39.4000015258789,47.060074809696,0.692266658941905,1981,1996,16
"08DB011",1,242,58.6296597081965,5.29733335177104,1981,1996,16
"08DB011",2,242,60.5021346620292,5.98999991416931,1981,1996,16
"08DB011",3,242,63.0346315421743,5.6953333457311,1981,1996,16
"08DB011",4,242,139.270271152645,13.0028571060726,1981,1996,16
"08DB011",5,242,414.804154939438,37.4785713468279,1981,1996,16
"08DB011",6,242,565.170247933884,52.7666666666667,1981,1996,16
"08DB011",7,242,489.71187114621,44.2466669718424,1981,1996,16
"08DB011",8,242,357.341353401625,32.2866664886475,1981,1996,16
"08DB011",9,242,339.316360095316,31.6799996693929,1981,1996,16
"08DB011",10,242,263.781820292827,23.8333335240682,1981,1996,16
"08DB011",11,242,134.255603121923,12.5346666495005,1981,1996,16
"08DB011",12,242,85.1996819620684,7.69799993832906,1981,1996,16
"08DB013",1,26,40.1833584277184,0.390071430376598,1997,2010,14
"08DB013",2,26,22.8190942702713,0.24349999747106,1997,2010,14
"08DB013",3,26,30.9119738825075,0.300071431057794,1997,2010,14
"08DB013",4,26,68.1183295616737,0.683285713195801,1997,2010,14
"08DB013",5,26,175.663304806804,1.70521427903857,1997,2010,14
"08DB013",6,26,243.249230531546,2.43999999761581,1997,2010,14
"08DB013",7,26,171.689855853804,1.66664286596434,1997,2010,14
"08DB013",8,26,91.7425590803335,0.89057143671172,1997,2010,14
"08DB013",9,26,117.50874706939,1.17871428387506,1997,2010,14
"08DB013",10,26,141.947840505642,1.37792855926922,1997,2010,14
"08DB013",11,26,76.0509888497028,0.762857141239302,1997,2010,14
"08DB013",12,26,48.7557104532535,0.473285719752312,1997,2010,14
"08DB014",1,18,29.6537144345897,0.199285715286221,1997,2010,14
"08DB014",2,18,16.7585143549102,0.124071429084454,1997,2010,14
"08DB014",3,18,19.2164569667407,0.129142855959279,1997,2010,14
"08DB014",4,18,47.9828569803919,0.333214284586055,1997,2010,14
"08DB014",5,18,185.989373465947,1.24992858512061,1997,2010,14
"08DB014",6,18,234.915429660252,1.63135715041842,1997,2010,14
"08DB014",7,18,119.858399472918,0.805499996457781,1997,2010,14
"08DB014",8,18,60.0514276845115,0.403571422610964,1997,2010,14
"08DB014",9,18,79.364572099277,0.551142861800534,1997,2010,14
"08DB014",10,18,119.762743244852,0.804857145462717,1997,2010,14
"08DB014",11,18,67.0422854764121,0.465571426919528,1997,2010,14
"08DB014",12,18,41.9297139721257,0.281785712178264,1997,2010,14
"08DC006",1,350,30.7512540969275,4.01842104761224,1981,1999,19
"08DC006",2,350,27.9526737529783,4.01578948372289,1981,1999,19
"08DC006",3,350,32.1126068036072,4.19631585321928,1981,1999,19
"08DC006",4,350,68.5193150547573,9.25222232606676,1981,1999,19
"08DC006",5,350,200.157258034842,26.1555556721157,1981,1999,19
"08DC006",6,350,356.379430454799,48.1222224765354,1981,1999,19
"08DC006",7,350,494.356110717773,64.5999995337592,1981,1999,19
"08DC006",8,350,482.452112339565,63.0444441901313,1981,1999,19
"08DC006",9,350,333.87428414481,45.0833331214057,1981,1999,19
"08DC006",10,350,197.903999189104,25.8611110051473,1981,1999,19
"08DC006",11,350,72.8022858319964,9.83055557145013,1981,1999,19
"08DC006",12,350,38.9260800770351,5.08666667673323,1981,1999,19
"08DD001",1,1480,47.1321481956018,26.0437497496605,1981,1996,16
"08DD001",2,1480,38.3440134383537,23.2999999523163,1981,1996,16
"08DD001",3,1480,35.3564634229041,19.5368749499321,1981,1996,16
"08DD001",4,1480,70.3809732179384,40.1866668065389,1981,1996,16
"08DD001",5,1480,227.953556940852,125.960000101725,1981,1996,16
"08DD001",6,1480,374.672432432432,213.933333333333,1981,1996,16
"08DD001",7,1480,455.689945945946,251.8,1981,1996,16
"08DD001",8,1480,391.987459459459,216.6,1981,1996,16
"08DD001",9,1480,290.864432076119,166.079999796549,1981,1996,16
"08DD001",10,1480,206.140281357224,113.906666819255,1981,1996,16
"08DD001",11,1480,87.9061612268396,50.1933327992757,1981,1996,16
"08DD001",12,1480,53.9058163542876,29.7866667429606,1981,1996,16
"08EB004",1,1880,13.149329400651,9.22966669400533,1981,2010,30
"08EB004",2,1880,10.6787029329665,8.22866663138072,1981,2010,30
"08EB004",3,1880,16.9546521177901,11.900666809082,1981,2010,30
"08EB004",4,1880,62.2171920240686,45.1266670544942,1981,2010,30
"08EB004",5,1880,150.090127840732,105.350000127157,1981,2010,30
"08EB004",6,1880,166.145361561877,120.506666564941,1981,2010,30
"08EB004",7,1880,95.4393693432098,66.9899993896484,1981,2010,30
"08EB004",8,1880,48.6718466092373,34.1633331934611,1981,2010,30
"08EB004",9,1880,54.3584680062152,39.4266666094462,1981,2010,30
"08EB004",10,1880,68.3086977636459,47.9466665903727,1981,2010,30
"08EB004",11,1880,39.3768000631129,28.5603333791097,1981,2010,30
"08EB004",12,1880,19.1700305966316,13.4556666374207,1981,2010,30
"08EB005",1,12400,11.2631999816895,52.1444443596734,1981,2010,30
"08EB005",2,12400,9.24483861812469,47.0166662004259,1981,2010,30
"08EB005",3,12400,11.0160001144409,51.0000005298191,1981,2010,30
"08EB005",4,12400,29.2927969545658,140.135294072768,1981,2010,30
"08EB005",5,12400,177.564705882353,822.058823529412,1981,2010,30
"08EB005",6,12400,265.335711574953,1269.35294117647,1981,2010,30
"08EB005",7,12400,154.401882352941,714.823529411765,1981,2010,30
"08EB005",8,12400,70.0094117647059,324.117647058824,1981,2010,30
"08EB005",9,12400,65.9927134724858,315.705882352941,1981,2010,30
"08EB005",10,12400,69.6155294117647,322.294117647059,1981,2010,30
"08EB005",11,12400,30.2223756834316,144.58235280654,1981,2010,30
"08EB005",12,12400,14.1251292275821,65.3941167943618,1981,2010,30
"08EC013",1,6760,9.22119764321231,23.2733333587646,1981,2010,30
"08EC013",2,6760,7.98514078679734,22.1199998855591,1981,2010,30
"08EC013",3,6760,8.43009232280663,21.2766667048136,1981,2010,30
"08EC013",4,6760,11.0568994375376,28.8366667429606,1981,2010,30
"08EC013",5,6760,34.2988404382108,86.566667175293,1981,2010,30
"08EC013",6,6760,47.4190296638082,123.670000203451,1981,2010,30
"08EC013",7,6760,37.0670486517009,93.5533336639404,1981,2010,30
"08EC013",8,6760,23.5812780561278,59.5166665395101,1981,2010,30
"08EC013",9,6760,15.7040946355515,40.9566665649414,1981,2010,30
"08EC013",10,6760,13.0895573259162,33.0366664886475,1981,2010,30
"08EC013",11,6760,11.4019881705561,29.7366666793823,1981,2010,30
"08EC013",12,6760,10.0770177262887,25.433333269755,1981,2010,30
"08ED001",1,732,32.5896394373159,8.90666669209798,1981,2010,30
"08ED001",2,732,23.5832263765179,7.07900004386902,1981,2010,30
"08ED001",3,732,21.7522215760718,5.9448275812741,1981,2010,30
"08ED001",4,732,31.8358845082699,8.99068960650214,1981,2010,30
"08ED001",5,732,180.76802819286,49.4034485652529,1981,2010,30
"08ED001",6,732,309.054609731067,87.2793110814588,1981,2010,30
"08ED001",7,732,217.943213766129,59.5633335113525,1981,2010,30
"08ED001",8,732,118.966819625604,32.5133333206177,1981,2010,30
"08ED001",9,732,83.6498357053663,23.6233332316081,1981,2010,30
"08ED001",10,732,97.0432122540083,26.521666431427,1981,2010,30
"08ED001",11,732,78.4646550600646,22.1589998086294,1981,2010,30
"08ED001",12,732,44.7948983583294,12.2423333326975,1981,2010,30
"08ED002",1,1900,38.5313681969894,27.3333331743876,1981,2010,30
"08ED002",2,1900,28.0066358695582,21.816666730245,1981,2010,30
"08ED002",3,1900,24.5426022486637,17.4100001017253,1981,2010,30
"08ED002",4,1900,26.3883789126748,19.343333307902,1981,2010,30
"08ED002",5,1900,120.880420335629,85.7499994913737,1981,2010,30
"08ED002",6,1900,269.204210526316,197.333333333333,1981,2010,30
"08ED002",7,1900,226.160336842105,160.433333333333,1981,2010,30
"08ED002",8,1900,150.089077106034,106.469999440511,1981,2010,30
"08ED002",9,1900,103.629979016756,75.963333384196,1981,2010,30
"08ED002",10,1900,104.354222942794,74.0266665140788,1981,2010,30
"08ED002",11,1900,82.7621051764237,60.6666666030884,1981,2010,30
"08ED002",12,1900,53.4317307683041,37.9033335049947,1981,2010,30
"08EE004",1,7340,13.7325777262758,37.6333335240682,1981,2010,30
"08EE004",2,7340,10.3063585919372,31.006666692098,1981,2010,30
"08EE004",3,7340,11.4105678984515,31.2700001398722,1981,2010,30
"08EE004",4,7340,32.9803160897653,93.3933333714803,1981,2010,30
"08EE004",5,7340,112.658223433243,308.733333333333,1981,2010,30
"08EE004",6,7340,129.729482288828,367.366666666667,1981,2010,30
"08EE004",7,7340,82.2738310626703,225.466666666667,1981,2010,30
"08EE004",8,7340,47.7781798365123,130.933333333333,1981,2010,30
"08EE004",9,7340,33.5276730604458,94.9433334350586,1981,2010,30
"08EE004",10,7340,37.1643204081273,101.846666590373,1981,2010,30
"08EE004",11,7340,31.2546702862565,88.5066666285197,1981,2010,30
"08EE004",12,7340,18.5359390063377,50.7966667811076,1981,2010,30
"08EE008",1,125,4.99539458856583,0.233133334666491,1981,2010,30
"08EE008",2,125,3.56387329090118,0.182400000592073,1981,2010,30
"08EE008",3,125,4.58327808757782,0.213900000353654,1981,2010,30
"08EE008",4,125,29.3918974880219,1.41743332793315,1981,2010,30
"08EE008",5,125,106.478899996948,4.96933337052663,1981,2010,30
"08EE008",6,125,109.492992718506,5.2803333679835,1981,2010,30
"08EE008",7,125,67.7242365820313,3.16066665649414,1981,2010,30
"08EE008",8,125,35.8741326489258,1.67423334121704,1981,2010,30
"08EE008",9,125,25.5032063278198,1.22989999651909,1981,2010,30
"08EE008",10,125,28.0510618160248,1.30913333594799,1981,2010,30
"08EE008",11,125,15.6017663772583,0.752399998903275,1981,2010,30
"08EE008",12,125,7.15382783123016,0.333866666257381,1981,2010,30
"08EE012",1,13.1999998092651,4.27461824504615,0.0210666666738689,1981,2010,30
"08EE012",2,13.1999998092651,3.22734551629562,0.0174333334124337,1981,2010,30
"08EE012",3,13.1999998092651,7.52116374322738,0.037066666657726,1981,2010,30
"08EE012",4,13.1999998092651,25.2902828335915,0.128793105161909,1981,2010,30
"08EE012",5,13.1999998092651,121.143492749872,0.597033333778381,1981,2010,30
"08EE012",6,13.1999998092651,193.765094002306,0.986766668160756,1981,2010,30
"08EE012",7,13.1999998092651,119.337601581669,0.588133332629999,1981,2010,30
"08EE012",8,13.1999998092651,53.847875246104,0.265379309654236,1981,2010,30
"08EE012",9,13.1999998092651,42.0150478187332,0.213965518207386,1981,2010,30
"08EE012",10,13.1999998092651,36.1248156125927,0.178034482973403,1981,2010,30
"08EE012",11,13.1999998092651,19.0538186664483,0.0970333343992631,1981,2010,30
"08EE012",12,13.1999998092651,7.69025465098211,0.0378999999724329,1981,2010,30
"08EE013",1,565,2.62277775066933,0.55326666260759,1981,2010,30
"08EE013",2,565,1.99824084011432,0.462066664608816,1981,2010,30
"08EE013",3,565,3.4895048172706,0.736099993189176,1981,2010,30
"08EE013",4,565,32.227811555778,7.02496663928032,1981,2010,30
"08EE013",5,565,103.217161182505,21.7733333587646,1981,2010,30
"08EE013",6,565,48.001699239005,10.4633333603541,1981,2010,30
"08EE013",7,565,14.5561164056559,3.07056667009989,1981,2010,30
"08EE013",8,565,4.49353293020186,0.947896544789446,1981,2010,30
"08EE013",9,565,4.24417263871473,0.925137940151938,1981,2010,30
"08EE013",10,565,8.22809054764953,1.73568965032183,1981,2010,30
"08EE013",11,565,8.78802685172157,1.91559998889764,1981,2010,30
"08EE013",12,565,4.27927729328966,0.90269999653101,1981,2010,30
"08EE020",1,367,19.787561773981,2.71133332252502,1981,2010,30
"08EE020",2,367,14.4291923707967,2.17066666682561,1981,2010,30
"08EE020",3,367,15.7760435445302,2.16166665951411,1981,2010,30
"08EE020",4,367,36.73059425354,5.20066670179367,1981,2010,30
"08EE020",5,367,192.110124598199,26.3233332316081,1981,2010,30
"08EE020",6,367,296.184849327981,41.9366665522257,1981,2010,30
"08EE020",7,367,226.873373389803,31.0866666793823,1981,2010,30
"08EE020",8,367,151.216478960832,20.7199999173482,1981,2010,30
"08EE020",9,367,108.011770488521,15.2933332443237,1981,2010,30
"08EE020",10,367,90.6544743696415,12.4216667016347,1981,2010,30
"08EE020",11,367,47.0303214652662,6.65899999141693,1981,2010,30
"08EE020",12,367,24.9156884759388,3.41400002638499,1981,2010,30
"08EE028",1,10.8000001907349,11.2276361579582,0.0452727272429249,1985,1996,12
"08EE028",2,10.8000001907349,7.98036361277063,0.0351818186992949,1985,1996,12
"08EE028",3,10.8000001907349,9.17599983021908,0.036999999968843,1985,1996,12
"08EE028",4,10.8000001907349,18.0480000467565,0.0752000015228987,1985,1996,12
"08EE028",5,10.8000001907349,112.071198975665,0.45190000385046,1985,1996,12
"08EE028",6,10.8000001907349,199.636359590473,0.83181817965074,1985,1996,12
"08EE028",7,10.8000001907349,175.133086622823,0.706181813370098,1985,1996,12
"08EE028",8,10.8000001907349,103.348361617657,0.416727271946994,1985,1996,12
"08EE028",9,10.8000001907349,76.9090880552928,0.320454539223151,1985,1996,12
"08EE028",10,10.8000001907349,61.8647264099491,0.249454546381127,1985,1996,12
"08EE028",11,10.8000001907349,26.8145453529165,0.111727274276993,1985,1996,12
"08EE028",12,10.8000001907349,15.6465451392469,0.0630909089337696,1985,1996,12
"08EF001",1,42300,12.3788936170213,195.5,1981,2010,30
"08EF001",2,42300,9.85683064120678,170.963333384196,1981,2010,30
"08EF001",3,42300,12.1446127659574,191.8,1981,2010,30
"08EF001",4,42300,32.059914893617,523.2,1981,2010,30
"08EF001",5,42300,128.052425531915,2022.33333333333,1981,2010,30
"08EF001",6,42300,175.108085106383,2857.66666666667,1981,2010,30
"08EF001",7,42300,106.245310638298,1677.93333333333,1981,2010,30
"08EF001",8,42300,55.3388255319149,873.966666666667,1981,2010,30
"08EF001",9,42300,47.3565957446809,772.833333333333,1981,2010,30
"08EF001",10,42300,50.3851574468085,795.733333333333,1981,2010,30
"08EF001",11,42300,29.5965957446809,483,1981,2010,30
"08EF001",12,42300,15.8297872340426,250,1981,2010,30
"08EF005",1,2850,27.5107704307155,29.2733332316081,1981,2010,30
"08EF005",2,2850,20.4249598725971,23.8699998537699,1981,2010,30
"08EF005",3,2850,23.2096675954718,24.6966669082642,1981,2010,30
"08EF005",4,2850,55.887158126028,61.4500002543132,1981,2010,30
"08EF005",5,2850,199.736589473684,212.533333333333,1981,2010,30
"08EF005",6,2850,253.955368421053,279.233333333333,1981,2010,30
"08EF005",7,2850,172.983915789474,184.066666666667,1981,2010,30
"08EF005",8,2850,107.502518038137,114.390000152588,1981,2010,30
"08EF005",9,2850,92.0781472296464,101.243333180745,1981,2010,30
"08EF005",10,2850,102.011014545641,108.546666463216,1981,2010,30
"08EF005",11,2850,64.648420936986,71.0833332061768,1981,2010,30
"08EF005",12,2850,34.7784758432489,37.0066667238871,1981,2010,30
"08EG011",1,376,56.8637615934331,7.98266665140788,1981,1995,15
"08EG011",2,376,49.4886639939978,7.6253333568573,1981,1995,15
"08EG011",3,376,58.673106360334,8.23666666348775,1981,1995,15
"08EG011",4,376,126.369191173797,18.331333287557,1981,1995,15
"08EG011",5,376,300.862069392567,42.2357146399362,1981,1995,15
"08EG011",6,376,375.062000819615,54.4071420942034,1981,1995,15
"08EG011",7,376,295.417750953976,41.4714285986764,1981,1995,15
"08EG011",8,376,182.308265148035,25.5928568158831,1981,1995,15
"08EG011",9,376,170.813982514263,24.7785715375628,1981,1995,15
"08EG011",10,376,191.161641240337,26.8357142720904,1981,1995,15
"08EG011",11,376,117.383525535328,17.0278570992606,1981,1995,15
"08EG011",12,376,64.476985544854,9.05142867565155,1981,1995,15
"08EG012",1,370,116.78789235213,16.1333333969116,1981,2010,30
"08EG012",2,370,82.4060627276446,12.5106666723887,1981,2010,30
"08EG012",3,370,103.263177641997,14.2649998982747,1981,2010,30
"08EG012",4,370,212.987675096666,30.4033332506816,1981,2010,30
"08EG012",5,370,446.737816584407,61.713333384196,1981,2010,30
"08EG012",6,370,549.177083575275,78.3933336893717,1981,2010,30
"08EG012",7,370,527.548281817462,72.8766667683919,1981,2010,30
"08EG012",8,370,436.265516274942,60.2666670481364,1981,2010,30
"08EG012",9,370,449.443460528399,64.1566668192546,1981,2010,30
"08EG012",10,370,429.243758848448,59.296666208903,1981,2010,30
"08EG012",11,370,220.565188788337,31.4849999427795,1981,2010,30
"08EG012",12,370,121.456993881226,16.778333234787,1981,2010,30
"08EG017",1,12.5,116.087808580399,0.541777780486478,1992,2009,18
"08EG017",2,12.5,76.2950397548676,0.390722220970525,1992,2009,18
"08EG017",3,12.5,84.7802879276276,0.395666666328907,1992,2009,18
"08EG017",4,12.5,140.785919151306,0.678944440351592,1992,2009,18
"08EG017",5,12.5,194.582785961151,0.908111120263735,1992,2009,18
"08EG017",6,12.5,159.897600288391,0.771111112501886,1992,2009,18
"08EG017",7,12.5,81.3400317850113,0.379611110107766,1992,2009,18
"08EG017",8,12.5,51.0723619887408,0.238352943869198,1992,2009,18
"08EG017",9,12.5,91.2140048890955,0.439882353824728,1992,2009,18
"08EG017",10,12.5,175.211476990195,0.817705892464694,1992,2009,18
"08EG017",11,12.5,161.92376386979,0.780882348909098,1992,2009,18
"08EG017",12,12.5,110.24924669838,0.514529414474964,1992,2009,18
"08FA002",1,3900,118.154067762169,172.043333435059,1981,2010,30
"08FA002",2,3900,86.0086154184195,137.513333384196,1981,2010,30
"08FA002",3,3900,83.215827744704,121.170000076294,1981,2010,30
"08FA002",4,3900,111.947815317007,168.439999898275,1981,2010,30
"08FA002",5,3900,235.653415384615,343.133333333333,1981,2010,30
"08FA002",6,3900,359.601230769231,541.066666666667,1981,2010,30
"08FA002",7,3900,386.376369230769,562.6,1981,2010,30
"08FA002",8,3900,321.453784615385,468.066666666667,1981,2010,30
"08FA002",9,3900,248.189538461538,373.433333333333,1981,2010,30
"08FA002",10,3900,250.922584615385,365.366666666667,1981,2010,30
"08FA002",11,3900,209.575384615385,315.333333333333,1981,2010,30
"08FA002",12,3900,117.110178566331,170.523333485921,1981,2010,30
"08FB004",1,159,86.2478482367392,5.11999995132972,1981,2010,30
"08FB004",2,159,63.8368766874017,4.16172411524016,1981,2010,30
"08FB004",3,159,66.1903445090577,3.92931032591853,1981,2010,30
"08FB004",4,159,101.897660626106,6.25066668192546,1981,2010,30
"08FB004",5,159,222.239819114253,13.193000014623,1981,2010,30
"08FB004",6,159,268.250356660544,16.4551723414454,1981,2010,30
"08FB004",7,159,206.749709170657,12.2734482370574,1981,2010,30
"08FB004",8,159,130.248891164548,7.73206903194559,1981,2010,30
"08FB004",9,159,119.382210908874,7.32321432658604,1981,2010,30
"08FB004",10,159,169.866630957262,10.0839285850525,1981,2010,30
"08FB004",11,159,157.499515091313,9.66142858777727,1981,2010,30
"08FB004",12,159,93.2996329849233,5.53862068570893,1981,2010,30
"08FB005",1,269,72.6291961595471,7.29437491297722,1981,1996,16
"08FB005",2,269,52.3715686702374,5.76062498986721,1981,1996,16
"08FB005",3,269,53.269294511164,5.3500000834465,1981,1996,16
"08FB005",4,269,75.7365062500908,7.86000006993612,1981,1996,16
"08FB005",5,269,206.638394811694,20.7533334096273,1981,1996,16
"08FB005",6,269,302.817544998112,31.4266665140788,1981,1996,16
"08FB005",7,269,311.22353311094,31.2571424756731,1981,1996,16
"08FB005",8,269,239.107296052792,24.0142856325422,1981,1996,16
"08FB005",9,269,184.86755007249,19.1857141086033,1981,1996,16
"08FB005",10,269,153.90487357133,15.4571426936558,1981,1996,16
"08FB005",11,269,122.565946546363,12.7199998537699,1981,1996,16
"08FB005",12,269,73.1432202227851,7.34599994023641,1981,1996,16
"08FB006",1,2550,11.4726551028981,10.9226667086283,1981,2010,30
"08FB006",2,2550,9.58666168805291,10.0220000425975,1981,2010,30
"08FB006",3,2550,10.0872395507813,9.60366668701172,1981,2010,30
"08FB006",4,2550,17.4568659883387,17.1740001042684,1981,2010,30
"08FB006",5,2550,67.9543342378504,64.6966667811076,1981,2010,30
"08FB006",6,2550,82.5272473431755,81.1900002797445,1981,2010,30
"08FB006",7,2550,45.7008567109949,43.5100002288818,1981,2010,30
"08FB006",8,2550,23.6994635160558,22.5633333206177,1981,2010,30
"08FB006",9,2550,15.0441152477458,14.8003448617869,1981,2010,30
"08FB006",10,2550,14.9494197746726,14.2327585220337,1981,2010,30
"08FB006",11,2550,16.3199611597274,16.0555173446392,1981,2010,30
"08FB006",12,2550,12.2775392937651,11.6889655014564,1981,2010,30
"08FB007",1,3720,18.7125516483702,25.9896550671808,1981,2010,30
"08FB007",2,3720,14.3608363035073,21.8931031720392,1981,2010,30
"08FB007",3,3720,15.0206897025273,20.8620690312879,1981,2010,30
"08FB007",4,3720,24.1155951927448,34.6103449525504,1981,2010,30
"08FB007",5,3720,87.48,121.5,1981,2010,30
"08FB007",6,3720,138.263225806452,198.433333333333,1981,2010,30
"08FB007",7,3720,146.856,203.966666666667,1981,2010,30
"08FB007",8,3720,125.904,174.866666666667,1981,2010,30
"08FB007",9,3720,78.0387094941102,111.999999736917,1981,2010,30
"08FB007",10,3720,49.3448277756263,68.5344830217033,1981,2010,30
"08FB007",11,3720,32.4600670157869,46.5862072911756,1981,2010,30
"08FB007",12,3720,19.6957240479568,27.3551722888289,1981,2010,30
"08FB009",1,92.5,124.889448199917,4.31312498450279,1981,1996,16
"08FB009",2,92.5,91.658723540435,3.46874997019768,1981,1996,16
"08FB009",3,92.5,91.4275465586379,3.15750002115965,1981,1996,16
"08FB009",4,92.5,122.996236786713,4.38933329582214,1981,1996,16
"08FB009",5,92.5,245.351093088511,8.47333337465922,1981,1996,16
"08FB009",6,92.5,300.036842601879,10.7073333104452,1981,1996,16
"08FB009",7,92.5,266.643164705844,9.20866664250692,1981,1996,16
"08FB009",8,92.5,185.528665283203,6.40733331044515,1981,1996,16
"08FB009",9,92.5,174.406574558567,6.22400005658468,1981,1996,16
"08FB009",10,92.5,215.835607296505,7.45400002797445,1981,1996,16
"08FB009",11,92.5,189.500887038772,6.76266668637594,1981,1996,16
"08FB009",12,92.5,119.25877570075,4.11866664886475,1981,1996,16
"08FC003",1,3720,3.21887998008728,4.47066663901011,1981,2010,30
"08FC003",2,3720,2.83036646036948,4.31100001335144,1981,2010,30
"08FC003",3,3720,3.9919199924469,5.54433332284292,1981,2010,30
"08FC003",4,3720,13.0508129661314,18.7303334236145,1981,2010,30
"08FC003",5,3720,36.2400000457764,50.3333333969116,1981,2010,30
"08FC003",6,3720,32.9690323909636,47.3166668574015,1981,2010,30
"08FC003",7,3720,13.9867199249268,19.4259998957316,1981,2010,30
"08FC003",8,3720,5.22744003295898,7.2603333791097,1981,2010,30
"08FC003",9,3720,4.66304513316001,6.69233329296112,1981,2010,30
"08FC003",10,3720,5.71583999633789,7.9386666615804,1981,2010,30
"08FC003",11,3720,5.15914834545505,7.40433327356974,1981,2010,30
"08FC003",12,3720,3.67103998947144,5.09866665204366,1981,2010,30
"08FE003",1,556,63.4305497137934,13.1673333485921,1981,2010,30
"08FE003",2,556,47.768011374302,10.8896666367849,1981,2010,30
"08FE003",3,556,55.8529898392382,11.5943333148956,1981,2010,30
"08FE003",4,556,113.277237119606,24.2986666043599,1981,2010,30
"08FE003",5,556,321.102905372235,66.6566664377848,1981,2010,30
"08FE003",6,556,473.397409123482,101.546666463216,1981,2010,30
"08FE003",7,556,464.73772551612,96.4733331044515,1981,2010,30
"08FE003",8,556,324.555279472955,67.3733331044515,1981,2010,30
"08FE003",9,556,265.384750750425,56.9266672134399,1981,2010,30
"08FE003",10,556,259.088631562158,53.7833330154419,1981,2010,30
"08FE003",11,556,139.341755478674,29.8896666844686,1981,2010,30
"08FE003",12,556,73.2128111754218,15.1979999303818,1981,2010,30
"08FF001",1,1990,107.014866169072,79.5099998792012,1981,2010,30
"08FF001",2,1990,82.1309424027486,66.9833330790202,1981,2010,30
"08FF001",3,1990,89.6568606266808,66.6133335749308,1981,2010,30
"08FF001",4,1990,141.778492131065,108.849999745687,1981,2010,30
"08FF001",5,1990,269.410251256281,200.166666666667,1981,2010,30
"08FF001",6,1990,303.963015075377,233.366666666667,1981,2010,30
"08FF001",7,1990,229.301547738693,170.366666666667,1981,2010,30
"08FF001",8,1990,147.859344586703,109.856666564941,1981,2010,30
"08FF001",9,1990,166.196261538405,127.596666844686,1981,2010,30
"08FF001",10,1990,232.765073229919,172.939999898275,1981,2010,30
"08FF001",11,1990,177.923216577271,136.60000038147,1981,2010,30
"08FF001",12,1990,111.227626250454,82.6400000890096,1981,2010,30
"08FF002",1,353,94.9984729168165,12.5203333854675,1981,2010,30
"08FF002",2,353,65.9863477029341,9.53099997440974,1981,2010,30
"08FF002",3,353,70.9561017900418,9.35166664123535,1981,2010,30
"08FF002",4,353,127.29926389959,17.336666727066,1981,2010,30
"08FF002",5,353,267.460626123877,35.2500003814697,1981,2010,30
"08FF002",6,353,308.81268860382,42.0566663106283,1981,2010,30
"08FF002",7,353,216.877054306765,28.5833333969116,1981,2010,30
"08FF002",8,353,127.566703711664,16.8126666704814,1981,2010,30
"08FF002",9,353,163.611739619528,22.2820000330607,1981,2010,30
"08FF002",10,353,226.133846398372,29.8033332506816,1981,2010,30
"08FF002",11,353,164.424339644564,22.3926666259766,1981,2010,30
"08FF002",12,353,105.079778875724,13.8490001281102,1981,2010,30
"08FF003",1,180,155.391841281891,10.4430000861486,1981,2010,30
"08FF003",2,180,112.851520160675,8.32133334477743,1981,2010,30
"08FF003",3,180,126.827199373245,8.52333329121272,1981,2010,30
"08FF003",4,180,222.139197692871,15.426333173116,1981,2010,30
"08FF003",5,180,479.284799621582,32.2099999745687,1981,2010,30
"08FF003",6,180,510.287996520996,35.4366664250692,1981,2010,30
"08FF003",7,180,321.864319564819,21.6306666374207,1981,2010,30
"08FF003",8,180,180.995359924316,12.1636666615804,1981,2010,30
"08FF003",9,180,224.208001327515,15.5700000921885,1981,2010,30
"08FF003",10,180,343.812321929932,23.1056667963664,1981,2010,30
"08FF003",11,180,241.478399963379,16.7693333307902,1981,2010,30
"08FF003",12,180,145.491679607391,9.77766664028168,1981,2010,30
"08FF006",1,3.19000005722046,378.993266466131,0.451384610854662,1997,2010,14
"08FF006",2,3.19000005722046,210.839331714517,0.275846155217061,1997,2010,14
"08FF006",3,3.19000005722046,305.558483458942,0.363923080838644,1997,2010,14
"08FF006",4,3.19000005722046,363.080003853677,0.446846154733346,1997,2010,14
"08FF006",5,3.19000005722046,390.87717848893,0.465538463913477,1997,2010,14
"08FF006",6,3.19000005722046,167.905417392128,0.206642859216247,1997,2010,14
"08FF006",7,3.19000005722046,90.4994517798165,0.107785713991949,1997,2010,14
"08FF006",8,3.19000005722046,136.31892154139,0.162357141396829,1997,2010,14
"08FF006",9,3.19000005722046,336.042988006147,0.413571431700672,1997,2010,14
"08FF006",10,3.19000005722046,631.217186525218,0.75178571577583,1997,2010,14
"08FF006",11,3.19000005722046,562.799452331286,0.692642856921468,1997,2010,14
"08FF006",12,3.19000005722046,345.565163215292,0.411571419664792,1997,2010,14
"08GA061",1,3.63000011444092,326.4007834119,0.442366667091846,1981,2010,30
"08GA061",2,3.63000011444092,216.234041222374,0.322266664355993,1981,2010,30
"08GA061",3,3.63000011444092,217.198804541696,0.294366668661435,1981,2010,30
"08GA061",4,3.63000011444092,165.064457308101,0.231166666249434,1981,2010,30
"08GA061",5,3.63000011444092,107.750873118365,0.146033333986998,1981,2010,30
"08GA061",6,3.63000011444092,65.811569029664,0.0921666678662101,1981,2010,30
"08GA061",7,3.63000011444092,40.0653210212472,0.0542999999597669,1981,2010,30
"08GA061",8,3.63000011444092,30.9159659040753,0.04189999991407,1981,2010,30
"08GA061",9,3.63000011444092,34.3695856743344,0.0481333333067596,1981,2010,30
"08GA061",10,3.63000011444092,158.129147810321,0.214310343730552,1981,2010,30
"08GA061",11,3.63000011444092,336.317346504885,0.471000002431018,1981,2010,30
"08GA061",12,3.63000011444092,278.907758986888,0.377999998895185,1981,2010,30
"08GA065",1,2.58999991416931,431.362022656532,0.417125000618398,1981,1996,16
"08GA065",2,2.58999991416931,352.640863332574,0.37456250237301,1981,1996,16
"08GA065",3,2.58999991416931,299.760198424099,0.289866669724385,1981,1996,16
"08GA065",4,2.58999991416931,383.562639052578,0.383266667524974,1981,1996,16
"08GA065",5,2.58999991416931,216.004175127727,0.208874998148531,1981,1996,16
"08GA065",6,2.58999991416931,112.461780164289,0.112375000375323,1981,1996,16
"08GA065",7,2.58999991416931,71.4929452254239,0.0691333340791365,1981,1996,16
"08GA065",8,2.58999991416931,64.5934317466358,0.0624615377388321,1981,1996,16
"08GA065",9,2.58999991416931,65.8365170438213,0.0657857150820616,1981,1996,16
"08GA065",10,2.58999991416931,249.373377280259,0.241142856090197,1981,1996,16
"08GA065",11,2.58999991416931,485.874918502728,0.485499998927116,1981,1996,16
"08GA065",12,2.58999991416931,377.457922661153,0.364999995256464,1981,1996,16
"08GA071",1,1200,67.3294347176387,30.1655173466123,1981,2010,30
"08GA071",2,1200,49.7174898763196,24.4517242497411,1981,2010,30
"08GA071",3,1200,71.252879914856,31.9233332951864,1981,2010,30
"08GA071",4,1200,134.330400054932,62.1900000254313,1981,2010,30
"08GA071",5,1200,328.051919659424,146.976666514079,1981,2010,30
"08GA071",6,1200,466.992,216.2,1981,2010,30
"08GA071",7,1200,525.366620689655,235.379310344828,1981,2010,30
"08GA071",8,1200,427.466482758621,191.51724137931,1981,2010,30
"08GA071",9,1200,251.373600219727,116.376666768392,1981,2010,30
"08GA071",10,1200,203.513759829712,91.179999923706,1981,2010,30
"08GA071",11,1200,146.822400741577,67.9733336766561,1981,2010,30
"08GA071",12,1200,64.5792,28.9333333333333,1981,2010,30
"08GA072",1,297,60.044987034488,6.65821428809847,1982,2010,29
"08GA072",2,297,42.803740441954,5.20892859356744,1982,2010,29
"08GA072",3,297,52.7377053766041,5.84793103974441,1982,2010,29
"08GA072",4,297,78.075987478035,8.94620689852484,1982,2010,29
"08GA072",5,297,211.709591646105,23.4758619768866,1982,2010,29
"08GA072",6,297,370.698432372282,42.4758620426573,1982,2010,29
"08GA072",7,297,415.986957112375,46.1275859701222,1982,2010,29
"08GA072",8,297,324.125893179675,35.9413792840366,1982,2010,29
"08GA072",9,297,182.580563918924,20.92068961571,1982,2010,29
"08GA072",10,297,145.960825622941,16.1851721960923,1982,2010,29
"08GA072",11,297,114.336300171281,13.101034394626,1982,2010,29
"08GA072",12,297,64.3801558011538,7.1389285666602,1982,2010,29
"08GA075",1,284,216.136004194309,22.9176468007705,1990,2010,21
"08GA075",2,284,149.983278012532,17.4717647608589,1990,2010,21
"08GA075",3,284,170.811797634273,18.111764683443,1990,2010,21
"08GA075",4,284,226.558407743212,24.8235292434692,1990,2010,21
"08GA075",5,284,341.034930376939,36.1611111958822,1990,2010,21
"08GA075",6,284,368.865235155472,40.4157896543804,1990,2010,21
"08GA075",7,284,292.1123795404,30.9736842105263,1990,2010,21
"08GA075",8,284,182.495125124725,19.3505882375381,1990,2010,21
"08GA075",9,284,125.353371361809,13.7347058127908,1990,2010,21
"08GA075",10,284,203.785926200303,21.6081253886223,1990,2010,21
"08GA075",11,284,280.796195681666,30.7662498354912,1990,2010,21
"08GA075",12,284,202.307222223416,21.4513333002726,1990,2010,21
"08GA077",1,63,320.628573681059,7.54166671964857,1992,2010,19
"08GA077",2,63,179.55352389926,4.64388889074326,1992,2010,19
"08GA077",3,63,268.950097783407,6.32611117098067,1992,2010,19
"08GA077",4,63,318.331425803048,7.7372221549352,1992,2010,19
"08GA077",5,63,445.195430283319,10.4716667069329,1992,2010,19
"08GA077",6,63,368.434283665248,8.95499995019701,1992,2010,19
"08GA077",7,63,205.969211610425,4.84470591825597,1992,2010,19
"08GA077",8,63,118.893562607538,2.79655557208591,1992,2010,19
"08GA077",9,63,119.076089471803,2.8942105079952,1992,2010,19
"08GA077",10,63,282.182976675392,6.63736840298301,1992,2010,19
"08GA077",11,63,365.110375196414,8.87421050824617,1992,2010,19
"08GA077",12,63,288.341333716256,6.78222223122915,1992,2010,19
"08GA079",1,82.9000015258789,401.990772117983,12.4421429293496,1997,2010,14
"08GA079",2,82.9000015258789,165.865516642723,5.64714292117528,1997,2010,14
"08GA079",3,82.9000015258789,262.647506187888,8.12928564207894,1997,2010,14
"08GA079",4,82.9000015258789,292.632908027355,9.35928569521223,1997,2010,14
"08GA079",5,82.9000015258789,434.299578413839,13.4421429634094,1997,2010,14
"08GA079",6,82.9000015258789,372.16170018247,11.9028570652008,1997,2010,14
"08GA079",7,82.9000015258789,205.091681223498,6.34785718577249,1997,2010,14
"08GA079",8,82.9000015258789,121.273408788105,3.7535714507103,1997,2010,14
"08GA079",9,82.9000015258789,116.33403098862,3.72071425403867,1997,2010,14
"08GA079",10,82.9000015258789,309.449123996499,9.57785724742072,1997,2010,14
"08GA079",11,82.9000015258789,385.963666176039,12.3442856924874,1997,2010,14
"08GA079",12,82.9000015258789,338.273192420886,10.47000006267,1997,2010,14
"08GB013",1,147,219.395150877734,12.041176515467,1993,2010,18
"08GB013",2,147,111.9784091606,6.7505881505854,1993,2010,18
"08GB013",3,147,166.866784153236,9.15823524138507,1993,2010,18
"08GB013",4,147,207.785256045778,11.784117530374,1993,2010,18
"08GB013",5,147,411.030975455368,22.5588236977072,1993,2010,18
"08GB013",6,147,533.0247235613,30.2294114056756,1993,2010,18
"08GB013",7,147,447.817139574946,24.5777775976393,1993,2010,18
"08GB013",8,147,258.335019481425,14.1783332824707,1993,2010,18
"08GB013",9,147,189.237550385144,10.7322221861945,1993,2010,18
"08GB013",10,147,309.949388527384,17.0111111534966,1993,2010,18
"08GB013",11,147,322.491426273268,18.289444314109,1993,2010,18
"08GB013",12,147,198.35950976002,10.886666642295,1993,2010,18
"08GD004",1,5680,35.2247324543268,74.7000001271566,1981,2010,30
"08GD004",2,5680,27.2601632383105,63.4799996693929,1981,2010,30
"08GD004",3,5680,30.9336337428563,65.5999998728434,1981,2010,30
"08GD004",4,5680,45.0040561987649,98.6199996948242,1981,2010,30
"08GD004",5,5680,121.879774647887,258.466666666667,1981,2010,30
"08GD004",6,5680,237.539154929577,520.533333333333,1981,2010,30
"08GD004",7,5680,331.734929577465,703.5,1981,2010,30
"08GD004",8,5680,302.168788732394,640.8,1981,2010,30
"08GD004",9,5680,174.399805730937,382.172413793103,1981,2010,30
"08GD004",10,5680,99.4969014084507,211,1981,2010,30
"08GD004",11,5680,59.5473919498394,130.489655198722,1981,2010,30
"08GD004",12,5680,36.18734330854,76.7413791788035,1981,2010,30
"08GD007",1,1550,16.8294858790806,9.73928580965315,1982,1995,14
"08GD007",2,1550,15.0269109558949,9.541428565979,1982,1995,14
"08GD007",3,1550,16.8060343845912,9.72571434293475,1982,1995,14
"08GD007",4,1550,26.230010898486,15.6853846036471,1982,1995,14
"08GD007",5,1550,92.0093534405048,53.2461536114032,1982,1995,14
"08GD007",6,1550,191.82086313101,114.707692072942,1982,1995,14
"08GD007",7,1550,227.298461538462,131.538461538462,1982,1995,14
"08GD007",8,1550,197.297723482572,114.176923311674,1982,1995,14
"08GD007",9,1550,105.416576173087,63.0384618318998,1982,1995,14
"08GD007",10,1550,59.8153841083233,34.6153843219464,1982,1995,14
"08GD007",11,1550,28.8593151242088,17.2576923003564,1982,1995,14
"08GD007",12,1550,18.4377598783053,10.6699999295748,1982,1995,14
"08GD008",1,486,3.58812699374698,0.651071430316993,1982,2010,29
"08GD008",2,486,3.0010984534309,0.597250008157321,1982,2010,29
"08GD008",3,486,3.82293966649071,0.693678568516459,1982,2010,29
"08GD008",4,486,6.02022994797805,1.12879311524588,1982,2010,29
"08GD008",5,486,15.8301915618195,2.87241379145918,1982,2010,29
"08GD008",6,486,23.4960922591988,4.40551729859977,1982,2010,29
"08GD008",7,486,20.9688277511304,3.80482761613254,1982,2010,29
"08GD008",8,486,13.844291373505,2.5120689992247,1982,2010,29
"08GD008",9,486,7.96505743881752,1.49344826977828,1982,2010,29
"08GD008",10,486,6.74902065540182,1.22462068343985,1982,2010,29
"08GD008",11,486,4.78160925021117,0.896551734414594,1982,2010,29
"08GD008",12,486,3.74869582716989,0.680206904123569,1982,2010,29
"08GE002",1,5780,38.9541922343429,84.0633330027262,1981,2010,30
"08GE002",2,5780,29.1547184006846,69.1066668192546,1981,2010,30
"08GE002",3,5780,33.2575724126162,71.7700002034505,1981,2010,30
"08GE002",4,5780,51.6992818737952,115.286207264867,1981,2010,30
"08GE002",5,5780,140.071915045937,302.275862068966,1981,2010,30
"08GE002",6,5780,261.194797756831,582.448275862069,1981,2010,30
"08GE002",7,5780,341.279484548383,736.48275862069,1981,2010,30
"08GE002",8,5780,309.065820307839,666.965517241379,1981,2010,30
"08GE002",9,5780,199.989520514088,445.964285714286,1981,2010,30
"08GE002",10,5780,116.211843796342,250.785714285714,1981,2010,30
"08GE002",11,5780,72.1400495415092,160.867857388088,1981,2010,30
"08GE002",12,5780,40.7933031037086,88.0321430478777,1981,2010,30
"08GE003",1,23,102.439094873615,0.879666659981012,1998,2010,13
"08GE003",2,23,49.6443126875421,0.468916663279136,1998,2010,13
"08GE003",3,23,66.8883361242288,0.574384606801547,1998,2010,13
"08GE003",4,23,94.6470109180463,0.839846161695627,1998,2010,13
"08GE003",5,23,267.839997650708,2.29999997982612,1998,2010,13
"08GE003",6,23,535.651105415064,4.75307693848243,1998,2010,13
"08GE003",7,23,924.630250447251,7.93999991050133,1998,2010,13
"08GE003",8,23,851.444545932119,7.31153843953059,1998,2010,13
"08GE003",9,23,530.449772582804,4.70692313634432,1998,2010,13
"08GE003",10,23,317.824857426009,2.72923077986791,1998,2010,13
"08GE003",11,23,199.323932341509,1.76869230086987,1998,2010,13
"08GE003",12,23,91.558281881275,0.786230765856229,1998,2010,13
"08GF005",1,54.2999992370605,98.1668982415088,1.99016670385997,1998,2010,13
"08GF005",2,54.2999992370605,46.6855697895011,1.04000000158946,1998,2010,13
"08GF005",3,54.2999992370605,74.3876712802609,1.50808336834113,1998,2010,13
"08GF005",4,54.2999992370605,102.115767892761,2.13923075565925,1998,2010,13
"08GF005",5,54.2999992370605,144.904515640251,2.93769231209388,1998,2010,13
"08GF005",6,54.2999992370605,140.377053929309,2.94076925974626,1998,2010,13
"08GF005",7,54.2999992370605,92.0953750872337,1.86707691045908,1998,2010,13
"08GF005",8,54.2999992370605,61.0883130624872,1.23846152654061,1998,2010,13
"08GF005",9,54.2999992370605,75.2484159589621,1.57638461773212,1998,2010,13
"08GF005",10,54.2999992370605,145.778787450861,2.95541668434938,1998,2010,13
"08GF005",11,54.2999992370605,153.097461380405,3.20725001394749,1998,2010,13
"08GF005",12,54.2999992370605,86.4437580030488,1.75249999761581,1998,2010,13
"08GF006",1,36.9000015258789,276.247793195139,3.80583332975705,1998,2010,13
"08GF006",2,36.9000015258789,130.68136084202,1.97450000544389,1998,2010,13
"08GF006",3,36.9000015258789,214.126818827422,2.94999997814496,1998,2010,13
"08GF006",4,36.9000015258789,285.892673500846,4.0700000341122,1998,2010,13
"08GF006",5,36.9000015258789,400.392027353024,5.51615383074834,1998,2010,13
"08GF006",6,36.9000015258789,381.046139918573,5.42461541065803,1998,2010,13
"08GF006",7,36.9000015258789,202.066481524103,2.78384613073789,1998,2010,13
"08GF006",8,36.9000015258789,137.660930902833,1.89653844099778,1998,2010,13
"08GF006",9,36.9000015258789,157.081570669447,2.23623078603011,1998,2010,13
"08GF006",10,36.9000015258789,369.124486964591,5.08538460731506,1998,2010,13
"08GF006",11,36.9000015258789,377.966213521154,5.38076923443721,1998,2010,13
"08GF006",12,36.9000015258789,239.140854721336,3.29461540625646,1998,2010,13
"08HA001",1,355,305.848130013479,40.5376665751139,1981,2010,30
"08HA001",2,355,199.07436183188,29.0036666870117,1981,2010,30
"08HA001",3,355,185.365399062466,24.5686666170756,1981,2010,30
"08HA001",4,355,147.342423138686,20.1800000826518,1981,2010,30
"08HA001",5,355,95.6553462150466,12.6783332983653,1981,2010,30
"08HA001",6,355,42.5258366243604,5.82433333396912,1981,2010,30
"08HA001",7,355,14.9019638552599,1.97513335148493,1981,2010,30
"08HA001",8,355,7.02872513411079,0.931599993507067,1981,2010,30
"08HA001",9,355,9.00969480595119,1.23396668831507,1981,2010,30
"08HA001",10,355,81.8820836849213,10.8528000702461,1981,2010,30
"08HA001",11,355,254.040340279593,34.793333641688,1981,2010,30
"08HA001",12,355,270.515884317318,35.8546665668488,1981,2010,30
"08HA003",1,209,307.674259187981,24.0083333969116,1981,2010,30
"08HA003",2,209,209.620179437519,17.9913332939148,1981,2010,30
"08HA003",3,209,178.12000614002,13.8989998817444,1981,2010,30
"08HA003",4,209,106.098372456674,8.55499993960063,1981,2010,30
"08HA003",5,209,44.9958384961945,3.51110000212987,1981,2010,30
"08HA003",6,209,20.9823845708199,1.69186665713787,1981,2010,30
"08HA003",7,209,10.5734859729384,0.825066669782003,1981,2010,30
"08HA003",8,209,5.13082330151608,0.40036666293939,1981,2010,30
"08HA003",9,209,6.95375315104945,0.560700003306071,1981,2010,30
"08HA003",10,209,64.0863799755653,5.00076665729284,1981,2010,30
"08HA003",11,209,239.427216131037,19.3056667327881,1981,2010,30
"08HA003",12,209,268.233002699711,20.9306666533152,1981,2010,30
"08HA010",1,578,474.209402613656,102.334615707397,1981,2010,30
"08HA010",2,578,306.674558820995,72.7440002441406,1981,2010,30
"08HA010",3,578,303.335751218591,65.460000076294,1981,2010,30
"08HA010",4,578,217.620374181411,48.5280001068115,1981,2010,30
"08HA010",5,578,127.664222091622,27.550000137753,1981,2010,30
"08HA010",6,578,64.5774398724513,14.4003704653846,1981,2010,30
"08HA010",7,578,32.6806505829523,7.05250001379422,1981,2010,30
"08HA010",8,578,22.9792289706073,4.95892859356744,1981,2010,30
"08HA010",9,578,31.4557787819305,7.01444449689653,1981,2010,30
"08HA010",10,578,187.589259473015,40.4818518426683,1981,2010,30
"08HA010",11,578,442.423420706803,98.6576918088473,1981,2010,30
"08HA010",12,578,392.385241913662,84.6769227247972,1981,2010,30
"08HA016",1,15.5,245.858648142321,1.42279310267547,1981,2010,30
"08HA016",2,15.5,152.062886273169,0.967500007152557,1981,2010,30
"08HA016",3,15.5,120.602879276276,0.697933329145114,1981,2010,30
"08HA016",4,15.5,55.1733675033815,0.329933331906796,1981,2010,30
"08HA016",5,15.5,24.8428800058365,0.143766666700443,1981,2010,30
"08HA016",6,15.5,11.5720258447432,0.0692000002289812,1981,2010,30
"08HA016",7,15.5,5.45472004652023,0.031566666935881,1981,2010,30
"08HA016",8,15.5,3.44447999596596,0.0199333333099882,1981,2010,30
"08HA016",9,15.5,3.38910971120481,0.0202666668687016,1981,2010,30
"08HA016",10,15.5,14.2411035184203,0.0824137935093765,1981,2010,30
"08HA016",11,15.5,110.554175604324,0.661107145782028,1981,2010,30
"08HA016",12,15.5,199.781485768727,1.15614285745791,1981,2010,30
"08HA026",1,12.3999996185303,88.7760023963375,0.410999998450279,1981,1998,18
"08HA026",2,12.3999996185303,74.2376032041449,0.377999996876015,1981,1998,18
"08HA026",3,12.3999996185303,51.9360023323106,0.240444447845221,1981,1998,18
"08HA026",4,12.3999996185303,22.0529038633963,0.105499999804629,1981,1998,18
"08HA026",5,12.3999996185303,9.25200032593167,0.0428333335245649,1981,1998,18
"08HA026",6,12.3999996185303,2.62451622627629,0.012555555634511,1981,1998,18
"08HA026",7,12.3999996185303,0.504000029664728,0.00233333339888809,1981,1998,18
"08HA026",8,12.3999996185303,0.168000013147872,0.00077777781472024,1981,1998,18
"08HA026",9,12.3999996185303,0.184440240707043,0.000882352976238026,1981,1998,18
"08HA026",10,12.3999996185303,1.11811770793912,0.00517647071084117,1981,1998,18
"08HA026",11,12.3999996185303,20.5958260167463,0.0985294115551583,1981,1998,18
"08HA026",12,12.3999996185303,67.9256483544069,0.31447058455909,1981,1998,18
"08HA068",1,2.88000011444092,502.797838533436,0.540642858615943,1997,2010,14
"08HA068",2,2.88000011444092,213.831418611067,0.253071426813092,1997,2010,14
"08HA068",3,2.88000011444092,281.52427291206,0.302714283977236,1997,2010,14
"08HA068",4,2.88000011444092,165.407136454966,0.183785714475172,1997,2010,14
"08HA068",5,2.88000011444092,102.366424702715,0.110071428785367,1997,2010,14
"08HA068",6,2.88000011444092,56.1857132998429,0.0624285728138472,1997,2010,14
"08HA068",7,2.88000011444092,32.2842844645839,0.0347142857499421,1997,2010,14
"08HA068",8,2.88000011444092,20.1942849430176,0.0217142857478133,1997,2010,14
"08HA068",9,2.88000011444092,30.5999992496201,0.0340000005172832,1997,2010,14
"08HA068",10,2.88000011444092,181.482850601514,0.195142857863435,1997,2010,14
"08HA068",11,2.88000011444092,430.521416054454,0.478357147957597,1997,2010,14
"08HA068",12,2.88000011444092,400.232129823949,0.430357145943812,1997,2010,14
"08HA069",1,8.11999988555908,1166.49883391837,3.53642861332212,1997,2010,14
"08HA069",2,8.11999988555908,481.926257206269,1.6072857188327,1997,2010,14
"08HA069",3,8.11999988555908,702.820841317601,2.13071428877967,1997,2010,14
"08HA069",4,8.11999988555908,454.306828096796,1.42321427166462,1997,2010,14
"08HA069",5,8.11999988555908,289.233276959055,0.876857144492013,1997,2010,14
"08HA069",6,8.11999988555908,154.45292155589,0.483857139412846,1997,2010,14
"08HA069",7,8.11999988555908,88.80636777197,0.269230770663573,1997,2010,14
"08HA069",8,8.11999988555908,81.95558870334,0.248461533337831,1997,2010,14
"08HA069",9,8.11999988555908,146.002578894145,0.45738461570671,1997,2010,14
"08HA069",10,8.11999988555908,624.537126450413,1.89338463086348,1997,2010,14
"08HA069",11,8.11999988555908,1134.67528148864,3.5546154150596,1997,2010,14
"08HA069",12,8.11999988555908,939.984596568997,2.8497143132346,1997,2010,14
"08HA070",1,28,661.505927750305,6.91538454936101,1997,2010,14
"08HA070",2,28,280.607736050952,3.22384615127857,1997,2010,14
"08HA070",3,28,417.065145854561,4.36000003133501,1997,2010,14
"08HA070",4,28,272.40465284367,2.94264285479273,1997,2010,14
"08HA070",5,28,177.847126219467,1.85921428246158,1997,2010,14
"08HA070",6,28,83.0299605386598,0.896928586065769,1997,2010,14
"08HA070",7,28,46.687518294855,0.488071427813598,1997,2010,14
"08HA070",8,28,30.6470763408548,0.320384609298064,1997,2010,14
"08HA070",9,28,52.8155604090009,0.570538461208344,1997,2010,14
"08HA070",10,28,307.052069029703,3.20992306333322,1997,2010,14
"08HA070",11,28,667.938457803412,7.21538457503686,1997,2010,14
"08HA070",12,28,593.221447075854,6.20153842522548,1997,2010,14
"08HA072",1,13,265.092925594403,1.28666667888562,1998,2010,13
"08HA072",2,13,107.515938701996,0.573583334684372,1998,2010,13
"08HA072",3,13,162.918829618967,0.790749994417032,1998,2010,13
"08HA072",4,13,187.288614639869,0.939333329598109,1998,2010,13
"08HA072",5,13,211.181537642846,1.02499999602636,1998,2010,13
"08HA072",6,13,93.8181300431314,0.470538460864471,1998,2010,13
"08HA072",7,13,36.9429016018055,0.17930769146635,1998,2010,13
"08HA072",8,13,19.5095292989672,0.0946923091721076,1998,2010,13
"08HA072",9,13,26.5334908740055,0.133076921821787,1998,2010,13
"08HA072",10,13,139.229253849828,0.675769227915085,1998,2010,13
"08HA072",11,13,287.696661142203,1.44292306900024,1998,2010,13
"08HA072",12,13,242.878581582019,1.1788461620991,1998,2010,13
"08HB002",1,319,233.848492673576,27.851578988527,1981,1999,19
"08HB002",2,319,199.357769795531,26.1147365570068,1981,1999,19
"08HB002",3,319,150.681542145264,17.9463156900908,1981,1999,19
"08HB002",4,319,103.885272682038,12.7852631117168,1981,1999,19
"08HB002",5,319,85.6814025327566,10.204736935465,1981,1999,19
"08HB002",6,319,50.5869789280881,6.22578945912813,1981,1999,19
"08HB002",7,319,21.6052883568307,2.57321049351441,1981,1999,19
"08HB002",8,319,10.4431527072458,1.24378946894094,1981,1999,19
"08HB002",9,319,9.84327056458673,1.21142103013239,1981,1999,19
"08HB002",10,319,74.6624435898888,8.89236839350901,1981,1999,19
"08HB002",11,319,215.361372877989,26.5047368626845,1981,1999,19
"08HB002",12,319,223.803939859617,26.6552631478561,1981,1999,19
"08HB014",1,162,666.29333044264,40.2999998251597,1981,2010,30
"08HB014",2,162,445.419026963976,29.6013336499532,1981,2010,30
"08HB014",3,162,426.003380279541,25.7663334846497,1981,2010,30
"08HB014",4,162,285.829332733154,17.8643332958221,1981,2010,30
"08HB014",5,162,150.761956706577,9.11866673628489,1981,2010,30
"08HB014",6,162,92.522666422526,5.78266665140788,1981,2010,30
"08HB014",7,162,48.5231286938985,2.93486665487289,1981,2010,30
"08HB014",8,162,44.1384894821379,2.66966670254866,1981,2010,30
"08HB014",9,162,60.3642669677734,3.77276668548584,1981,2010,30
"08HB014",10,162,352.372177903917,21.3128333409627,1981,2010,30
"08HB014",11,162,679.786665344238,42.4866665840149,1981,2010,30
"08HB014",12,162,588.145777672662,35.5733333269755,1981,2010,30
"08HB024",1,113,305.37192749964,12.8834482554732,1981,2009,29
"08HB024",2,113,203.868670190992,9.44482758949543,1981,2009,29
"08HB024",3,113,201.930270815056,8.51931026064116,1981,2009,29
"08HB024",4,113,179.565407181135,7.82827585318993,1981,2009,29
"08HB024",5,113,209.956482241843,8.857931038429,1981,2009,29
"08HB024",6,113,147.950443665938,6.45000005179438,1981,2009,29
"08HB024",7,113,62.5889030887835,2.64058618915492,1981,2009,29
"08HB024",8,113,31.3193800482111,1.32134481236852,1981,2009,29
"08HB024",9,113,29.9538201471948,1.30585712833064,1981,2009,29
"08HB024",10,113,179.419784074969,7.56960707902908,1981,2009,29
"08HB024",11,113,304.805765581191,13.2882143173899,1981,2009,29
"08HB024",12,113,274.654514323836,11.5875000442777,1981,2009,29
"08HB025",1,87.9000015258789,222.942166796048,7.31653853104665,1985,2010,26
"08HB025",2,87.9000015258789,135.259435250588,4.8719230569326,1985,2010,26
"08HB025",3,87.9000015258789,171.478537764851,5.62759995937347,1985,2010,26
"08HB025",4,87.9000015258789,229.063203146123,7.76799996376038,1985,2010,26
"08HB025",5,87.9000015258789,309.597948841873,10.1604167322318,1985,2010,26
"08HB025",6,87.9000015258789,180.984161485181,6.13754169394573,1985,2010,26
"08HB025",7,87.9000015258789,53.8739283892803,1.76804001927376,1985,2010,26
"08HB025",8,87.9000015258789,24.1444502406099,0.792375004850328,1985,2010,26
"08HB025",9,87.9000015258789,23.5044365285786,0.797083335928619,1985,2010,26
"08HB025",10,87.9000015258789,148.563847314793,4.87558333544681,1985,2010,26
"08HB025",11,87.9000015258789,237.968597395295,8.07000002861023,1985,2010,26
"08HB025",12,87.9000015258789,192.406013117177,6.31439995765686,1985,2010,26
"08HB032",1,86.1999969482422,207.495738488465,6.67791667580605,1986,2010,25
"08HB032",2,86.1999969482422,138.934111952938,4.91083334386349,1986,2010,25
"08HB032",3,86.1999969482422,121.258194967945,3.90250001351039,1986,2010,25
"08HB032",4,86.1999969482422,69.8729954307271,2.32370833059152,1986,2010,25
"08HB032",5,86.1999969482422,28.0294673766509,0.902083334202568,1986,2010,25
"08HB032",6,86.1999969482422,14.1114157244698,0.469291663728654,1986,2010,25
"08HB032",7,86.1999969482422,3.39764765715107,0.109347826193856,1986,2010,25
"08HB032",8,86.1999969482422,1.13344985119415,0.0364782607952214,1986,2010,25
"08HB032",9,86.1999969482422,2.2451972872622,0.0746666664005412,1986,2010,25
"08HB032",10,86.1999969482422,18.54605647633,0.596875004353933,1986,2010,25
"08HB032",11,86.1999969482422,119.23851869811,3.96541664656252,1986,2010,25
"08HB032",12,86.1999969482422,185.499404516664,5.97000003854434,1986,2010,25
"08HB048",1,10.3000001907349,444.276336983776,1.70849998344978,1981,2010,30
"08HB048",2,10.3000001907349,297.929283438761,1.25973333170017,1981,2010,30
"08HB048",3,10.3000001907349,270.284359107261,1.03939999639988,1981,2010,30
"08HB048",4,10.3000001907349,182.337549863046,0.724566666036844,1981,2010,30
"08HB048",5,10.3000001907349,95.5035946641645,0.367266667882601,1981,2010,30
"08HB048",6,10.3000001907349,57.334368034069,0.227833333984017,1981,2010,30
"08HB048",7,10.3000001907349,31.4213588836219,0.120833334264656,1981,2010,30
"08HB048",8,10.3000001907349,28.8036345540804,0.110766667189697,1981,2010,30
"08HB048",9,10.3000001907349,42.6379799070779,0.169433333786825,1981,2010,30
"08HB048",10,10.3000001907349,225.973742987195,0.86899999845773,1981,2010,30
"08HB048",11,10.3000001907349,443.752068894542,1.76336666444937,1981,2010,30
"08HB048",12,10.3000001907349,371.084078474247,1.42703333298365,1981,2010,30
"08HB069",1,2.52999997138977,489.099133938178,0.461999998084809,1981,1999,19
"08HB069",2,2.52999997138977,372.397127130983,0.386526317972886,1981,1999,19
"08HB069",3,2.52999997138977,282.884063505326,0.267210525901694,1981,1999,19
"08HB069",4,2.52999997138977,222.773124882617,0.217444444282187,1981,1999,19
"08HB069",5,2.52999997138977,126.21533650262,0.119222221378651,1981,1999,19
"08HB069",6,2.52999997138977,88.505929201555,0.0863888882514503,1981,1999,19
"08HB069",7,2.52999997138977,50.874309217498,0.048055555878414,1981,1999,19
"08HB069",8,2.52999997138977,33.818181992466,0.0319444442478319,1981,1999,19
"08HB069",9,2.52999997138977,54.6403175104124,0.0533333340038856,1981,1999,19
"08HB069",10,2.52999997138977,280.367434164431,0.26483333348814,1981,1999,19
"08HB069",11,2.52999997138977,458.014420072465,0.447058823178796,1981,1999,19
"08HB069",12,2.52999997138977,368.038688904455,0.347647055107004,1981,1999,19
"08HB074",1,213,270.20672776205,21.4882142373494,1982,2010,29
"08HB074",2,213,180.600773917645,15.7667858260018,1982,2010,29
"08HB074",3,213,204.342520930638,16.2503572872707,1982,2010,29
"08HB074",4,213,207.751146665761,17.0721428394318,1982,2010,29
"08HB074",5,213,340.989761027947,27.1172413003856,1982,2010,29
"08HB074",6,213,330.535598525149,27.1620688602842,1982,2010,29
"08HB074",7,213,202.568906980999,16.1093104789997,1982,2010,29
"08HB074",8,213,112.139842178915,8.9179309976512,1982,2010,29
"08HB074",9,213,68.1338893895939,5.5989654475245,1982,2010,29
"08HB074",10,213,213.556545271649,16.983103398619,1982,2010,29
"08HB074",11,213,329.419406662988,27.0703447605002,1982,2010,29
"08HB074",12,213,236.078175028671,18.7741380231134,1982,2010,29
"08HB075",1,41.0999984741211,271.261325941376,4.16250003071932,1985,2010,26
"08HB075",2,41.0999984741211,169.485500218422,2.85507692969762,1985,2010,26
"08HB075",3,41.0999984741211,175.667554854606,2.69561538100243,1985,2010,26
"08HB075",4,41.0999984741211,144.704238817079,2.29449999790925,1985,2010,26
"08HB075",5,41.0999984741211,80.6577905480202,1.23769230452868,1985,2010,26
"08HB075",6,41.0999984741211,40.5941273181248,0.643680004179478,1985,2010,26
"08HB075",7,41.0999984741211,13.8416588341471,0.212399998866022,1985,2010,26
"08HB075",8,41.0999984741211,6.38905947814338,0.0980399995530024,1985,2010,26
"08HB075",9,41.0999984741211,13.9677903765606,0.22148000122048,1985,2010,26
"08HB075",10,41.0999984741211,102.278488956247,1.56946152181794,1985,2010,26
"08HB075",11,41.0999984741211,230.924748518055,3.66165386254971,1985,2010,26
"08HB075",12,41.0999984741211,260.821929062385,4.00230767864447,1985,2010,26
"08HB086",1,38.5999984741211,822.902575620447,11.8593332449595,1995,2010,16
"08HB086",2,38.5999984741211,370.82463577447,5.85999999046326,1995,2010,16
"08HB086",3,38.5999984741211,488.218214911356,7.0359999815623,1995,2010,16
"08HB086",4,38.5999984741211,422.643745526872,6.2939999739329,1995,2010,16
"08HB086",5,38.5999984741211,422.06775171024,6.08266673088074,1995,2010,16
"08HB086",6,38.5999984741211,321.188096979145,4.7831250205636,1995,2010,16
"08HB086",7,38.5999984741211,195.276876880851,2.81424998119473,1995,2010,16
"08HB086",8,38.5999984741211,131.530433360667,1.89556247275323,1995,2010,16
"08HB086",9,38.5999984741211,200.435135273642,2.98487496748567,1995,2010,16
"08HB086",10,38.5999984741211,652.708232141886,9.40656241215765,1995,2010,16
"08HB086",11,38.5999984741211,957.436821890592,14.2581249475479,1995,2010,16
"08HB086",12,38.5999984741211,647.265572730122,9.32812504470348,1995,2010,16
"08HB089",1,86.8000030517578,253.503287111401,8.21538459337675,1997,2010,14
"08HB089",2,86.8000030517578,151.487891955566,5.39846151608687,1997,2010,14
"08HB089",3,86.8000030517578,150.535378655005,4.87846151682047,1997,2010,14
"08HB089",4,86.8000030517578,130.794464757493,4.37999997689174,1997,2010,14
"08HB089",5,86.8000030517578,136.364831332511,4.41923080040858,1997,2010,14
"08HB089",6,86.8000030517578,83.1052498957922,2.78299997861569,1997,2010,14
"08HB089",7,86.8000030517578,28.1879983949125,0.913499980100564,1997,2010,14
"08HB089",8,86.8000030517578,9.66048950842533,0.313071430261646,1997,2010,14
"08HB089",9,86.8000030517578,11.4690449585185,0.384071426466107,1997,2010,14
"08HB089",10,86.8000030517578,105.862036505823,3.4307142666408,1997,2010,14
"08HB089",11,86.8000030517578,228.485047680575,7.65142856325422,1997,2010,14
"08HB089",12,86.8000030517578,221.928972440759,7.19214287825993,1997,2010,14
"08HC002",1,187,356.366714412261,24.8807405895657,1981,2010,30
"08HC002",2,187,224.117048489984,17.1918518808153,1981,2010,30
"08HC002",3,187,228.075125301585,15.9237038647687,1981,2010,30
"08HC002",4,187,236.113796458525,17.034444420426,1981,2010,30
"08HC002",5,187,290.385454848998,20.2740740952668,1981,2010,30
"08HC002",6,187,263.117006189683,18.9825926533452,1981,2010,30
"08HC002",7,187,154.057068931865,10.7559258849533,1981,2010,30
"08HC002",8,187,81.2609597304582,5.67346157018955,1981,2010,30
"08HC002",9,187,77.2260961685589,5.57148147512365,1981,2010,30
"08HC002",10,187,261.218368906722,18.2376922735801,1981,2010,30
"08HC002",11,187,449.361742918014,32.4192306811993,1981,2010,30
"08HC002",12,187,332.679095337843,23.2269230989309,1981,2010,30
"08HD011",1,302,168.334188880163,18.9803334236145,1981,2010,30
"08HD011",2,302,110.122902207532,13.6343331972758,1981,2010,30
"08HD011",3,302,114.928784173624,12.9586666742961,1981,2010,30
"08HD011",4,302,132.884344103478,15.4826666355133,1981,2010,30
"08HD011",5,302,190.252132788652,21.4516667048136,1981,2010,30
"08HD011",6,302,155.717402325561,18.1429998079936,1981,2010,30
"08HD011",7,302,75.0425010597785,8.46133337815603,1981,2010,30
"08HD011",8,302,30.8370757264649,3.47700002590815,1981,2010,30
"08HD011",9,302,22.076344496367,2.57216668128967,1981,2010,30
"08HD011",10,302,104.715979528806,11.8071332951387,1981,2010,30
"08HD011",11,302,190.906808891044,22.2430001099904,1981,2010,30
"08HD011",12,302,145.810204898253,16.4406667709351,1981,2010,30
"08HD015",1,268,187.29168921676,18.740357194628,1981,2010,30
"08HD015",2,268,116.129244658586,12.7428570815495,1981,2010,30
"08HD015",3,268,137.232307553647,13.7314286231995,1981,2010,30
"08HD015",4,268,165.999915674043,17.163571528026,1981,2010,30
"08HD015",5,268,202.211346771875,20.2332142080579,1981,2010,30
"08HD015",6,268,136.221620594261,14.0846428700856,1981,2010,30
"08HD015",7,268,56.2763816352389,5.63099995454152,1981,2010,30
"08HD015",8,268,23.2947509054639,2.33086665272713,1981,2010,30
"08HD015",9,268,27.1383046954425,2.80596668918928,1981,2010,30
"08HD015",10,268,149.869138266222,14.995866582791,1981,2010,30
"08HD015",11,268,231.932641379317,23.9806897722442,1981,2010,30
"08HD015",12,268,158.58859787272,15.868333419164,1981,2010,30
"08HE006",1,178,582.756209110487,38.7285712446485,1981,2008,28
"08HE006",2,178,383.09316435396,27.9535715920585,1981,2008,28
"08HE006",3,178,345.424392411797,22.9560714789799,1981,2008,28
"08HE006",4,178,333.517177042953,22.9035715716226,1981,2008,28
"08HE006",5,178,307.822534168054,20.4571427277156,1981,2008,28
"08HE006",6,178,270.443788112071,18.5721428564617,1981,2008,28
"08HE006",7,178,188.052269826923,12.4975000108991,1981,2008,28
"08HE006",8,178,151.605821712978,10.0753570284162,1981,2008,28
"08HE006",9,178,163.456180742426,11.2250000664166,1981,2008,28
"08HE006",10,178,440.963305146047,29.3053570474897,1981,2008,28
"08HE006",11,178,653.512680776238,44.8785714421953,1981,2008,28
"08HE006",12,178,515.366291622327,34.2499999659402,1981,2008,28
"08HE008",1,14.6000003814697,375.541639454289,2.04708336293697,1998,2010,13
"08HE008",2,14.6000003814697,183.252816961163,1.09633333235979,1998,2010,13
"08HE008",3,14.6000003814697,239.236760704831,1.3040833324194,1998,2010,13
"08HE008",4,14.6000003814697,252.631227672754,1.42300000786781,1998,2010,13
"08HE008",5,14.6000003814697,204.977088595688,1.11733332276344,1998,2010,13
"08HE008",6,14.6000003814697,102.644380123142,0.578166662404935,1998,2010,13
"08HE008",7,14.6000003814697,51.2819044488077,0.279538464947389,1998,2010,13
"08HE008",8,14.6000003814697,53.5256635588027,0.291769231024843,1998,2010,13
"08HE008",9,14.6000003814697,105.373401465649,0.593538465121618,1998,2010,13
"08HE008",10,14.6000003814697,314.352147843583,1.71353848507771,1998,2010,13
"08HE008",11,14.6000003814697,477.19838528572,2.68792307376862,1998,2010,13
"08HE008",12,14.6000003814697,333.431157021467,1.81753846315237,1998,2010,13
"08HE009",1,33.2999992370605,962.709221601268,11.9691667954127,1998,2010,13
"08HE009",2,33.2999992370605,542.458394390447,7.40750004847845,1998,2010,13
"08HE009",3,33.2999992370605,691.316774896771,8.59500002861023,1998,2010,13
"08HE009",4,33.2999992370605,538.572983580191,6.91916664441427,1998,2010,13
"08HE009",5,33.2999992370605,370.257306643244,4.60333334406217,1998,2010,13
"08HE009",6,33.2999992370605,259.459466950459,3.33333335320155,1998,2010,13
"08HE009",7,33.2999992370605,222.364742069974,2.76461534545972,1998,2010,13
"08HE009",8,33.2999992370605,208.40043811874,2.59100001133405,1998,2010,13
"08HE009",9,33.2999992370605,313.249410164869,4.02438469116504,1998,2010,13
"08HE009",10,33.2999992370605,806.861052617665,10.0315383947813,1998,2010,13
"08HE009",11,33.2999992370605,1097.21417662789,14.0961540295528,1998,2010,13
"08HE009",12,33.2999992370605,860.750795619064,10.7015385444348,1998,2010,13
"08HE010",1,19.6000003814697,612.578393300323,4.48272727836262,1998,2009,12
"08HE010",2,19.6000003814697,287.284001541272,2.30909090692347,1998,2009,12
"08HE010",3,19.6000003814697,384.864706657792,2.8163636489348,1998,2009,12
"08HE010",4,19.6000003814697,353.093869303007,2.66999998959628,1998,2009,12
"08HE010",5,19.6000003814697,412.940701533606,3.02181821519678,1998,2009,12
"08HE010",6,19.6000003814697,364.034129862218,2.75272727012634,1998,2009,12
"08HE010",7,19.6000003814697,259.686361842032,1.90033333003521,1998,2009,12
"08HE010",8,19.6000003814697,220.632574437132,1.61454545367848,1998,2009,12
"08HE010",9,19.6000003814697,201.553241225323,1.52409089695324,1998,2009,12
"08HE010",10,19.6000003814697,529.667261383149,3.87600004673004,1998,2009,12
"08HE010",11,19.6000003814697,712.559537766984,5.38818179477345,1998,2009,12
"08HE010",12,19.6000003814697,540.400725673598,3.95454541119662,1998,2009,12
"08HF004",1,365,264.464482611669,36.0400000572205,1981,2010,30
"08HF004",2,365,162.138949472088,24.2289999008179,1981,2010,30
"08HF004",3,365,147.676458959292,20.1246667861938,1981,2010,30
"08HF004",4,365,163.520876080239,23.0266665776571,1981,2010,30
"08HF004",5,365,190.178630370258,25.9166666984558,1981,2010,30
"08HF004",6,365,148.127475209693,20.8590001742045,1981,2010,30
"08HF004",7,365,75.5822464587068,10.2999999841054,1981,2010,30
"08HF004",8,365,41.6264945253346,5.67266670465469,1981,2010,30
"08HF004",9,365,51.0351778338707,7.18666663169861,1981,2010,30
"08HF004",10,365,209.624547187074,28.5666665633519,1981,2010,30
"08HF004",11,365,302.826084042902,42.6433335940043,1981,2010,30
"08HF004",12,365,225.964011938644,30.7933334668477,1981,2010,30
"08HF005",1,783,326.864000391467,95.5550001144409,1990,2010,21
"08HF005",2,783,195.685517670329,62.7714286985851,1990,2010,21
"08HF005",3,783,202.244204606681,59.1238098144531,1990,2010,21
"08HF005",4,783,204.468966479372,61.7666669573103,1990,2010,21
"08HF005",5,783,199.89858921596,58.4380956377302,1990,2010,21
"08HF005",6,783,156.705419380677,47.3380954379127,1990,2010,21
"08HF005",7,783,90.1270284117149,26.3476191929408,1990,2010,21
"08HF005",8,783,53.9915144295528,15.7838096618652,1990,2010,21
"08HF005",9,783,56.4807882074065,17.0619047709874,1990,2010,21
"08HF005",10,783,223.158953231285,65.2380004405975,1990,2010,21
"08HF005",11,783,398.731034482759,120.45,1990,2010,21
"08HF005",12,783,319.492412814436,93.3999997138977,1990,2010,21
"08HF006",1,64.4000015258789,526.407855003653,12.6570589402143,1990,2010,21
"08HF006",2,64.4000015258789,337.38694853,8.91529431062586,1990,2010,21
"08HF006",3,64.4000015258789,398.726363705981,9.58705885270063,1990,2010,21
"08HF006",4,64.4000015258789,290.499081514441,7.21764710370232,1990,2010,21
"08HF006",5,64.4000015258789,136.163671010165,3.27394736440558,1990,2010,21
"08HF006",6,64.4000015258789,100.311837404076,2.49231577233264,1990,2010,21
"08HF006",7,64.4000015258789,91.541913213139,2.20105262492832,1990,2010,21
"08HF006",8,64.4000015258789,106.803276571724,2.56799999036287,1990,2010,21
"08HF006",9,64.4000015258789,165.675315202604,4.11631579932414,1990,2010,21
"08HF006",10,64.4000015258789,458.53042540567,11.0250000357628,1990,2010,21
"08HF006",11,64.4000015258789,588.566453742591,14.6233335336049,1990,2010,21
"08HF006",12,64.4000015258789,526.252908416347,12.6533333725399,1990,2010,21
"08HF012",1,22.2999992370605,442.89687613917,3.6875,1998,2010,13
"08HF012",2,22.2999992370605,285.023148794068,2.60333333412806,1998,2010,13
"08HF012",3,22.2999992370605,366.1280811251,3.04833330710729,1998,2010,13
"08HF012",4,22.2999992370605,234.039995000102,2.01353846834256,1998,2010,13
"08HF012",5,22.2999992370605,88.3899744785033,0.73592307475897,1998,2010,13
"08HF012",6,22.2999992370605,56.1048665182904,0.482692315028264,1998,2010,13
"08HF012",7,22.2999992370605,51.5723670156551,0.429384612120115,1998,2010,13
"08HF012",8,22.2999992370605,69.3944925403388,0.57776923936147,1998,2010,13
"08HF012",9,22.2999992370605,130.726572448466,1.12469230936124,1998,2010,13
"08HF012",10,22.2999992370605,375.003730951695,3.12223077737368,1998,2010,13
"08HF012",11,22.2999992370605,500.33916889047,4.30461538754977,1998,2010,13
"08HF012",12,22.2999992370605,404.171408571289,3.3650769499632,1998,2010,13
"08HF013",1,16.2999992370605,399.84295762386,2.43333329757055,1998,2010,13
"08HF013",2,16.2999992370605,203.891481499771,1.35990909554742,1998,2010,13
"08HF013",3,16.2999992370605,270.230107960193,1.64454545757987,1998,2010,13
"08HF013",4,16.2999992370605,188.407904579141,1.18481817164204,1998,2010,13
"08HF013",5,16.2999992370605,81.950380431234,0.498727276921272,1998,2010,13
"08HF013",6,16.2999992370605,42.5880219973581,0.267818181352182,1998,2010,13
"08HF013",7,16.2999992370605,46.8583084095707,0.285166663428148,1998,2010,13
"08HF013",8,16.2999992370605,72.5468508432968,0.441500005001823,1998,2010,13
"08HF013",9,16.2999992370605,127.744790670818,0.803333329657714,1998,2010,13
"08HF013",10,16.2999992370605,323.923358303369,1.97130768115704,1998,2010,13
"08HF013",11,16.2999992370605,488.186522592919,3.06999997909252,1998,2010,13
"08HF013",12,16.2999992370605,358.013236593278,2.17876922167265,1998,2010,13
"08MH155",1,70,179.850734064593,4.70040000915527,1985,2010,26
"08MH155",2,70,94.5243529487442,2.71273075617277,1985,2010,26
"08MH155",3,70,99.3200752865089,2.5957307609228,1985,2010,26
"08MH155",4,70,64.7900305580307,1.74973076352706,1985,2010,26
"08MH155",5,70,39.1193562894863,1.02238461031364,1985,2010,26
"08MH155",6,70,23.1328878706628,0.624730768112036,1985,2010,26
"08MH155",7,70,13.8776440542871,0.362692310259892,1985,2010,26
"08MH155",8,70,12.6826654297703,0.331461536769684,1985,2010,26
"08MH155",9,70,15.9678594644253,0.431230772573214,1985,2010,26
"08MH155",10,70,53.8829325170831,1.40823076321529,1985,2010,26
"08MH155",11,70,156.562497610574,4.22815387065594,1985,2010,26
"08MH155",12,70,151.376692818128,3.9562307710831,1985,2010,26
"08OA002",1,480,276.825723917731,49.6103447881238,1981,2010,30
"08OA002",2,480,195.92937955659,38.5896552184532,1981,2010,30
"08OA002",3,480,176.308757739889,31.5965515662884,1981,2010,30
"08OA002",4,480,140.977242693408,26.1068967950755,1981,2010,30
"08OA002",5,480,84.6774621460356,15.1751724276049,1981,2010,30
"08OA002",6,480,50.1808964203144,9.29275859635452,1981,2010,30
"08OA002",7,480,31.523151938833,5.64931038330341,1981,2010,30
"08OA002",8,480,37.2301447606087,6.6720689535141,1981,2010,30
"08OA002",9,480,104.821448110712,19.4113792797615,1981,2010,30
"08OA002",10,480,269.032965297041,48.2137930639859,1981,2010,30
"08OA002",11,480,294.504826236593,54.5379307845543,1981,2010,30
"08OA002",12,480,300.801855546406,53.9071425710406,1981,2010,30
"08OB002",1,76.6999969482422,447.306286931124,12.8092857088361,1981,2010,30
"08OB002",2,76.6999969482422,318.026922662918,10.0278571418353,1981,2010,30
"08OB002",3,76.6999969482422,287.831980114009,8.24249999863761,1981,2010,30
"08OB002",4,76.6999969482422,251.113589020799,7.4307143177305,1981,2010,30
"08OB002",5,76.6999969482422,180.339287073658,5.16428568107741,1981,2010,30
"08OB002",6,76.6999969482422,120.089406469815,3.553571415799,1981,2010,30
"08OB002",7,76.6999969482422,66.4937492502404,1.90414813492033,1981,2010,30
"08OB002",8,76.6999969482422,73.6338414236462,2.10861537204339,1981,2010,30
"08OB002",9,76.6999969482422,200.39594164438,5.92992596935343,1981,2010,30
"08OB002",10,76.6999969482422,450.810803747438,12.90964279856,1981,2010,30
"08OB002",11,76.6999969482422,468.372825121567,13.8596428462437,1981,2010,30
"08OB002",12,76.6999969482422,495.83327246088,14.1989286456789,1981,2010,30
